CubePosX,CubePosY,CubePosZ,CubeRotX,CubeRotY,CubeRotZ,HandPosX,HandPosY,HandPosZ,Time,TrialCondition,TrialNumber,FPS,Timestamp
0.3629,0.7803001,0.1187,2.375429E-06,-2.029747E-06,-4.340768E-06,0.3391631,0.8089831,-0.02527483,0.6667964,Lifting,54,0,17/08/2024 19:22:32
0.3629001,0.7803001,0.1187,2.066285E-06,-2.481096E-06,-3.210148E-06,0.3390411,0.8084509,-0.02479721,0.6674076,Lifting,54,0,17/08/2024 19:22:32
0.3629001,0.7803001,0.1187,5.907696E-06,-1.986356E-07,-5.208812E-06,0.3391317,0.8079969,-0.02422842,0.6679795,Lifting,54,0,17/08/2024 19:22:32
0.3629001,0.7803001,0.1187,5.515423E-06,2.080726E-06,-2.938289E-06,0.339187,0.8075711,-0.02392664,0.6685201,Lifting,54,0,17/08/2024 19:22:32
0.3629,0.7803001,0.1187,5.460404E-06,-1.594376E-06,-1.798108E-06,0.3390999,0.8069962,-0.02378765,0.669332,Lifting,54,0,17/08/2024 19:22:32
0.3629,0.7803001,0.1187,5.296287E-06,6.643897E-07,4.68992E-07,0.339032,0.8064192,-0.02362916,0.670029,Lifting,54,0,17/08/2024 19:22:32
0.3629,0.7803001,0.1187,5.032212E-06,-2.693991E-07,2.737295E-06,0.3389014,0.8058315,-0.02350511,0.6708648,Lifting,54,0,17/08/2024 19:22:32
0.3629,0.7803001,0.1187,4.738032E-06,-1.200659E-06,-3.532689E-06,0.3387736,0.8053944,-0.02340098,0.6715283,Lifting,54,0,17/08/2024 19:22:32
0.3629001,0.7803001,0.1187,4.429104E-06,-1.652058E-06,-2.401944E-06,0.3386299,0.8049856,-0.02330861,0.6721814,Lifting,54,0,17/08/2024 19:22:32
0.3629,0.7803001,0.1187,4.397275E-06,-2.127634E-06,-1.262637E-06,0.3384824,0.8046107,-0.02322013,0.6727985,Lifting,54,0,17/08/2024 19:22:32
0.3629001,0.7803001,0.1187,-5.685769E-07,-3.001758E-07,-2.130323E-06,0.3383633,0.8043773,-0.02313754,0.6733307,Lifting,54,0,17/08/2024 19:22:32
0.3629,0.7803001,0.1187,3.709709E-06,-7.79554E-07,-5.261602E-06,0.3381456,0.8039148,-0.02300148,0.6742326,Lifting,54,0,17/08/2024 19:22:32
0.3629,0.7803001,0.1187,3.444675E-06,-1.713427E-06,-2.992733E-06,0.3379422,0.8036665,-0.0229012,0.6749488,Lifting,54,0,17/08/2024 19:22:32
0.3629001,0.7803001,0.1187,3.135818E-06,-2.164805E-06,-1.86162E-06,0.3377964,0.8034684,-0.02281526,0.6755591,Lifting,54,0,17/08/2024 19:22:32
0.3629001,0.7803001,0.1187,2.795781E-06,-3.091772E-06,4.084189E-07,0.3375902,0.8033175,-0.0227189,0.6761895,Lifting,54,0,17/08/2024 19:22:32
0.3629,0.7803001,0.1187,-1.499516E-06,-3.567929E-06,-2.721956E-06,0.3374575,0.8032088,-0.02264648,0.6767269,Lifting,54,0,17/08/2024 19:22:32
0.3629,0.7803001,0.1187,2.342126E-06,-1.285416E-06,-4.721221E-06,0.337236,0.8031354,-0.02254167,0.6773564,Lifting,54,0,17/08/2024 19:22:32
0.3629001,0.7803001,0.1187,2.109142E-06,-1.743706E-06,-3.591736E-06,0.3370923,0.8030877,-0.02246403,0.6779193,Lifting,54,0,17/08/2024 19:22:32
0.3629001,0.7803001,0.1187,1.716356E-06,5.357163E-07,-1.321071E-06,0.336854,0.8031008,-0.02234199,0.6785491,Lifting,54,0,17/08/2024 19:22:32
0.3629001,0.7803001,0.1187,5.686248E-06,-3.950163E-07,-3.320711E-06,0.3366117,0.8030968,-0.02218715,0.6792696,Lifting,54,0,17/08/2024 19:22:32
0.3629,0.7803001,0.1187,9.742109E-07,-1.791243E-06,-4.179771E-06,0.336319,0.8031065,-0.02197506,0.6801295,Lifting,54,0,17/08/2024 19:22:32
0.3629,0.7803001,0.1187,5.814416E-07,4.881905E-07,-1.908998E-06,0.3359316,0.8030937,-0.02171605,0.6813654,Lifting,54,0,17/08/2024 19:22:32
0.3629001,0.7803001,0.1187,4.582678E-06,3.298678E-08,-5.048405E-06,0.3357566,0.8031002,-0.02162136,0.6820985,Lifting,54,0,17/08/2024 19:22:32
0.3629001,0.7803001,0.1187,4.393915E-06,-9.076948E-07,-2.780383E-06,0.3354935,0.8031069,-0.02151598,0.6827691,Lifting,54,0,17/08/2024 19:22:32
0.3629,0.7803001,0.1187,4.362673E-06,-1.383286E-06,-1.641545E-06,0.3353611,0.8031049,-0.02146557,0.6833075,Lifting,54,0,17/08/2024 19:22:32
0.3629,0.7803001,0.1187,4.098252E-06,-2.31717E-06,6.26974E-07,0.3351156,0.8031054,-0.02139276,0.6839568,Lifting,54,0,17/08/2024 19:22:32
0.3629001,0.7803001,0.1187,-4.510933E-07,4.304078E-07,-2.512679E-06,0.3349805,0.8031025,-0.02134921,0.6845155,Lifting,54,0,17/08/2024 19:22:32
0.3629001,0.7803001,0.1187,3.593636E-06,-5.072128E-07,-4.514222E-06,0.3347403,0.8031032,-0.02129233,0.6851461,Lifting,54,0,17/08/2024 19:22:32
0.3629,0.7803001,0.1187,3.562339E-06,-9.827604E-07,-3.374969E-06,0.3346015,0.8030967,-0.02125209,0.6857297,Lifting,54,0,17/08/2024 19:22:32
0.3629001,0.7803001,0.1187,3.253584E-06,-1.43414E-06,-2.244263E-06,0.3344287,0.8030896,-0.02119851,0.6863385,Lifting,54,0,17/08/2024 19:22:32
0.3629001,0.7803001,0.1187,-1.350576E-06,-2.361665E-06,-4.243371E-06,0.3342038,0.8030952,-0.02116238,0.6868927,Lifting,54,0,17/08/2024 19:22:32
0.3629,0.7803001,0.1187,2.957649E-06,-2.84356E-06,1.164328E-06,0.3340709,0.8030878,-0.02112645,0.6874788,Lifting,54,0,17/08/2024 19:22:32
0.3629,0.7803001,0.1187,2.662911E-06,-3.774838E-06,-5.105445E-06,0.3338406,0.8030919,-0.02107548,0.6881377,Lifting,54,0,17/08/2024 19:22:32
0.3629001,0.7803001,0.1187,2.37763E-06,-1.026719E-06,-3.975251E-06,0.33372,0.8030894,-0.02103999,0.6886995,Lifting,54,0,17/08/2024 19:22:32
0.3629001,0.7803001,0.1187,2.189183E-06,-1.96744E-06,-1.707872E-06,0.3335144,0.8030919,-0.02098528,0.6893152,Lifting,54,0,17/08/2024 19:22:32
0.3629,0.7803001,0.1187,-2.106157E-06,-2.443605E-06,-4.83843E-06,0.333403,0.80309,-0.02094552,0.6898683,Lifting,54,0,17/08/2024 19:22:32
0.3629,0.7803001,0.1187,6.051358E-06,-3.3669E-06,-2.567817E-06,0.3332045,0.8030905,-0.02087399,0.6905167,Lifting,54,0,17/08/2024 19:22:32
0.3629001,0.7803001,0.1187,5.76636E-06,-6.18834E-07,-1.437611E-06,0.3331,0.8030879,-0.02082718,0.6910726,Lifting,54,0,17/08/2024 19:22:32
0.3629,0.7803001,0.1187,1.623189E-06,-1.10875E-06,-4.570172E-06,0.3329659,0.8030849,-0.02075662,0.6916927,Lifting,54,0,17/08/2024 19:22:32
0.3629,0.7803001,0.1187,1.230318E-06,1.17068E-06,-2.299814E-06,0.3328025,0.8030872,-0.02066331,0.6922402,Lifting,54,0,17/08/2024 19:22:32
0.3629001,0.7803001,0.1187,5.261676E-06,7.1297E-07,3.099256E-06,0.3327095,0.8030823,-0.02059465,0.6927968,Lifting,54,0,17/08/2024 19:22:32
0.3629001,0.7803001,0.1187,5.042241E-06,-2.252097E-07,-3.17163E-06,0.3325545,0.8030854,-0.02044818,0.6934452,Lifting,54,0,17/08/2024 19:22:32
0.3629,0.7803001,0.1187,5.010804E-06,-7.00774E-07,-2.032562E-06,0.3324745,0.8030798,-0.02035907,0.6939862,Lifting,54,0,17/08/2024 19:22:32
0.3629,0.7803001,0.1187,4.746242E-06,-1.634615E-06,2.354916E-07,0.3323523,0.803084,-0.02018445,0.6946132,Lifting,54,0,17/08/2024 19:22:32
0.3629001,0.7803001,0.1187,2.496115E-07,-2.093442E-06,-2.904457E-06,0.3322841,0.8030774,-0.02007938,0.6951799,Lifting,54,0,17/08/2024 19:22:32
0.3629,0.7803001,0.1187,4.48187E-06,-2.568455E-06,2.50446E-06,0.3322006,0.8030737,-0.0199446,0.6958008,Lifting,54,0,17/08/2024 19:22:32
0.3629,0.7803001,0.1187,4.059077E-06,-2.86511E-07,-3.763889E-06,0.3321346,0.803084,-0.01975729,0.6963593,Lifting,54,0,17/08/2024 19:22:32
0.3629001,0.7803001,0.1187,3.750642E-06,-7.379026E-07,-2.633221E-06,0.332098,0.8030738,-0.01965415,0.6969147,Lifting,54,0,17/08/2024 19:22:32
0.3629001,0.7803001,0.1187,-8.536089E-07,-1.665431E-06,-4.632644E-06,0.3320611,0.8030834,-0.01948304,0.6975524,Lifting,54,0,17/08/2024 19:22:32
0.3629,0.7803001,0.1187,3.454778E-06,-2.147312E-06,7.750521E-07,0.3320423,0.8030744,-0.01939508,0.6981394,Lifting,54,0,17/08/2024 19:22:32
0.3629,0.7803001,0.1187,3.19031E-06,-3.081144E-06,3.044059E-06,0.3320448,0.8030836,-0.01926908,0.6987739,Lifting,54,0,17/08/2024 19:22:32
0.3629001,0.7803001,0.1187,2.851311E-06,-3.529959E-06,-4.363583E-06,0.3320455,0.803075,-0.01921028,0.6993268,Lifting,54,0,17/08/2024 19:22:32
0.3629001,0.7803001,0.1187,2.458637E-06,-1.250588E-06,-2.0935E-06,0.3320623,0.8030838,-0.01912985,0.6999516,Lifting,54,0,17/08/2024 19:22:32
0.3629,0.7803001,0.1187,-1.836632E-06,-1.726742E-06,-5.223649E-06,0.3320651,0.8030747,-0.01908893,0.7005215,Lifting,54,0,17/08/2024 19:22:32
0.3629001,0.7803001,0.1187,2.11818E-06,-2.177548E-06,1.771379E-07,0.3320689,0.8030745,-0.01905261,0.7011291,Lifting,54,0,17/08/2024 19:22:32
0.3629001,0.7803001,0.1187,6.035558E-06,9.804308E-08,-1.822441E-06,0.3320903,0.8030869,-0.01901374,0.7016907,Lifting,54,0,17/08/2024 19:22:32
0.3629,0.7803001,0.1187,1.89199E-06,-3.918938E-07,-4.95502E-06,0.3320936,0.8030792,-0.01898888,0.7022232,Lifting,54,0,17/08/2024 19:22:32
0.3629,0.7803001,0.1187,1.498824E-06,1.887545E-06,-2.68409E-06,0.3321095,0.8030892,-0.01896062,0.7028651,Lifting,54,0,17/08/2024 19:22:32
0.3629001,0.7803001,0.1187,5.52965E-06,1.42982E-06,2.71505E-06,0.3321104,0.8030813,-0.01893683,0.7033982,Lifting,54,0,17/08/2024 19:22:32
0.3629,0.7803001,0.1187,5.596244E-06,-2.256422E-06,-4.685962E-06,0.3321116,0.8030777,-0.01890658,0.704021,Lifting,54,0,17/08/2024 19:22:32
0.3629,0.7803001,0.1187,5.20335E-06,2.303957E-08,-2.415689E-06,0.3321305,0.8030987,-0.0188719,0.7045555,Lifting,54,0,17/08/2024 19:22:32
0.3629001,0.7803001,0.1187,4.894425E-06,-4.283323E-07,-1.285055E-06,0.3321258,0.8030767,-0.01882718,0.7050883,Lifting,54,0,17/08/2024 19:22:32
0.3629001,0.7803001,0.1187,4.554139E-06,-1.355252E-06,9.848519E-07,0.3321423,0.8030985,-0.01876004,0.7057087,Lifting,54,0,17/08/2024 19:22:32
0.3629,0.7803001,0.1187,2.585623E-07,-1.831403E-06,-2.145556E-06,0.3321141,0.8030366,-0.0186442,0.7062963,Lifting,54,0,17/08/2024 19:22:32
0.3629001,0.7803001,0.1187,4.21376E-06,-2.282211E-06,3.254988E-06,0.3320856,0.8030021,-0.01849311,0.7069166,Lifting,54,0,17/08/2024 19:22:32
0.3629001,0.7803001,0.1187,3.867E-06,-7.198658E-09,-3.014251E-06,0.3321352,0.8030996,-0.01833919,0.7074496,Lifting,54,0,17/08/2024 19:22:32
0.3629,0.7803001,0.1187,3.83522E-06,-4.827389E-07,-1.875169E-06,0.3321177,0.8030266,-0.01819022,0.7079813,Lifting,54,0,17/08/2024 19:22:32
0.3627044,0.7803276,0.1187285,0.1276338,359.9825,0.2560681,0.3321605,0.8030711,-0.01805381,0.7086087,Lifting,54,0,17/08/2024 19:22:32
0.3625391,0.780603,0.1187274,0.07086722,359.9886,0.7656869,0.3321826,0.8030387,-0.01799295,0.7091399,Lifting,54,0,17/08/2024 19:22:32
0.3623521,0.7806779,0.1187031,0.1331955,-0.002730309,1.105659,0.332213,0.8030402,-0.0179719,0.7097583,Lifting,54,0,17/08/2024 19:22:32
0.3618529,0.7812801,0.1186816,-0.001123711,359.9879,2.290772,0.3322933,0.8031154,-0.01798127,0.7103181,Lifting,54,0,17/08/2024 19:22:32
0.3616605,0.7814838,0.1186517,359.9326,359.9876,2.713998,0.332304,0.8031032,-0.01796741,0.710849,Lifting,54,0,17/08/2024 19:22:32
0.3612991,0.7817822,0.1186819,0.0001581303,359.9895,3.504985,0.3323373,0.8031383,-0.01798763,0.7114881,Lifting,54,0,17/08/2024 19:22:32
0.3612013,0.7818681,0.1186818,7.070925E-05,359.9896,3.716003,0.3323464,0.8031229,-0.01797852,0.7120242,Lifting,54,0,17/08/2024 19:22:32
0.3611325,0.7819296,0.118679,359.9938,359.9898,3.865783,0.3323843,0.8031514,-0.01799079,0.7126807,Lifting,54,0,17/08/2024 19:22:32
0.3610425,0.7820042,0.118681,-0.002286372,359.9893,4.056025,0.3323957,0.8031366,-0.0179806,0.7132336,Lifting,54,0,17/08/2024 19:22:32
0.3609721,0.7820351,0.118685,-0.002906442,359.9801,4.186469,0.3324125,0.8031333,-0.01797531,0.713852,Lifting,54,0,17/08/2024 19:22:32
0.3608581,0.7820919,0.1187012,-0.005108827,359.9167,4.334997,0.3324553,0.803163,-0.0179747,0.7144036,Lifting,54,0,17/08/2024 19:22:32
0.3607957,0.7821817,0.1186843,359.954,359.8276,4.397387,0.332476,0.8031589,-0.01796494,0.7149639,Lifting,54,0,17/08/2024 19:22:32
0.3607721,0.782136,0.1186621,359.9926,359.7526,4.415377,0.3325192,0.8031833,-0.017976,0.7156115,Lifting,54,0,17/08/2024 19:22:32
0.360634,0.7822331,0.1187015,-0.001411033,359.5416,4.624765,0.3325368,0.803181,-0.01797081,0.7161519,Lifting,54,0,17/08/2024 19:22:32
0.3607149,0.7821553,0.1186586,359.9106,359.5376,4.440556,0.332576,0.8031974,-0.01796505,0.7168043,Lifting,54,0,17/08/2024 19:22:32
0.3606879,0.7822297,0.1186472,359.8852,359.5284,4.501392,0.3325936,0.8031896,-0.01794925,0.7173408,Lifting,54,0,17/08/2024 19:22:32
0.360668,0.7822119,0.1186481,359.8928,359.5138,4.538394,0.3326225,0.8031982,-0.01794781,0.7179619,Lifting,54,0,17/08/2024 19:22:32
0.3606513,0.7821946,0.1186699,359.9531,359.4931,4.556966,0.3326731,0.8032336,-0.01795702,0.718525,Lifting,54,0,17/08/2024 19:22:32
0.3606405,0.7822745,0.11866,359.9288,359.4872,4.595428,0.3326966,0.8032381,-0.01796039,0.7190874,Lifting,54,0,17/08/2024 19:22:32
0.3606575,0.7822693,0.1186483,359.9885,359.3897,4.646148,0.3327444,0.8032754,-0.01799589,0.7197219,Lifting,54,0,17/08/2024 19:22:32
0.3607437,0.7823252,0.1186562,0.003874727,359.2696,4.849195,0.3327632,0.8032841,-0.01800503,0.7202591,Lifting,54,0,17/08/2024 19:22:32
0.3608685,0.7823961,0.1187232,359.9535,359.0951,5.106478,0.3327913,0.8032955,-0.01801892,0.720874,Lifting,54,0,17/08/2024 19:22:32
0.3610094,0.7825037,0.1187246,0.02271536,359.0265,5.225635,0.3328345,0.8033102,-0.01802375,0.7214259,Lifting,54,0,17/08/2024 19:22:32
0.3610877,0.7825435,0.11875,0.002909431,358.9331,5.388392,0.3328589,0.8033248,-0.01802878,0.7219603,Lifting,54,0,17/08/2024 19:22:32
0.3612564,0.7826372,0.118762,0.03238558,358.779,5.591213,0.332911,0.8033371,-0.01803371,0.7226101,Lifting,54,0,17/08/2024 19:22:32
0.361368,0.7826992,0.1187995,0.09143411,358.6973,5.679783,0.3329331,0.8033429,-0.0180298,0.7231603,Lifting,54,0,17/08/2024 19:22:32
0.361376,0.7826893,0.1188207,0.1358242,358.6972,5.655554,0.3329922,0.8033655,-0.01803554,0.7237682,Lifting,54,0,17/08/2024 19:22:32
0.361377,0.782757,0.1188398,0.1754025,358.709,5.686224,0.3330146,0.8033659,-0.0180381,0.7243325,Lifting,54,0,17/08/2024 19:22:32
0.3613748,0.7827456,0.1188692,0.2601348,358.6488,5.693155,0.3330758,0.8033934,-0.01804584,0.7249936,Lifting,54,0,17/08/2024 19:22:32
0.3614224,0.7827931,0.1189207,0.383285,358.6514,5.599353,0.3330997,0.8033983,-0.01803165,0.7255518,Lifting,54,0,17/08/2024 19:22:32
0.3613527,0.7828397,0.1189437,0.4311537,358.6595,5.731176,0.3331442,0.8034256,-0.01805431,0.7261899,Lifting,54,0,17/08/2024 19:22:32
0.3613714,0.7829037,0.1190128,0.5809352,358.6366,5.716479,0.3332083,0.8034592,-0.01806581,0.7267388,Lifting,54,0,17/08/2024 19:22:33
0.3614023,0.7829636,0.1190659,0.7365652,358.5832,5.708823,0.3332508,0.803474,-0.01805999,0.7273058,Lifting,54,0,17/08/2024 19:22:33
0.3614359,0.7830737,0.1191371,0.9298263,358.5018,5.771645,0.3333199,0.8035075,-0.0180704,0.7282365,Lifting,54,0,17/08/2024 19:22:33
0.3615392,0.7831161,0.1192148,1.143186,358.4632,5.584148,0.3333534,0.8035254,-0.01806339,0.7289459,Lifting,54,0,17/08/2024 19:22:33
0.3615717,0.783155,0.1192852,1.277187,358.4471,5.536083,0.3334237,0.8035632,-0.01807202,0.7295604,Lifting,54,0,17/08/2024 19:22:33
0.3614999,0.783238,0.1192879,1.2971,358.4699,5.709099,0.3334544,0.8035743,-0.0180782,0.730087,Lifting,54,0,17/08/2024 19:22:33
0.3616195,0.7832386,0.1193655,1.449002,358.3668,5.552658,0.3334979,0.8036027,-0.01807767,0.7307317,Lifting,54,0,17/08/2024 19:22:33
0.361674,0.7832556,0.1194334,1.589201,358.3676,5.460966,0.3335639,0.8036333,-0.01808134,0.7312599,Lifting,54,0,17/08/2024 19:22:33
0.3615954,0.7833273,0.1194382,1.605775,358.3989,5.634418,0.3335984,0.8036456,-0.01809092,0.7318261,Lifting,54,0,17/08/2024 19:22:33
0.3616269,0.7833508,0.1195229,1.741014,358.3534,5.557426,0.3336625,0.8036804,-0.01809189,0.7324646,Lifting,54,0,17/08/2024 19:22:33
0.3616614,0.7833748,0.1195866,1.883801,358.3644,5.492815,0.333723,0.8037085,-0.01808916,0.7331606,Lifting,54,0,17/08/2024 19:22:33
0.3618021,0.7833474,0.1197163,2.136644,358.3286,5.186268,0.3337909,0.8037471,-0.01807967,0.7339005,Lifting,54,0,17/08/2024 19:22:33
0.3617859,0.7834254,0.119792,2.281821,358.322,5.209951,0.3338829,0.803803,-0.01809318,0.7350716,Lifting,54,0,17/08/2024 19:22:33
0.3616521,0.7835446,0.1197993,2.288156,358.3379,5.478661,0.3339336,0.8038315,-0.01810757,0.7358199,Lifting,54,0,17/08/2024 19:22:33
0.3617655,0.7835467,0.1198857,2.483778,358.3138,5.242538,0.3339832,0.8038636,-0.01809647,0.7364408,Lifting,54,0,17/08/2024 19:22:33
0.361798,0.7835867,0.1199623,2.64028,358.3114,5.198704,0.3340684,0.8039093,-0.01809727,0.7370008,Lifting,54,0,17/08/2024 19:22:33
0.3616757,0.7837144,0.1199714,2.665517,358.3404,5.45687,0.3341049,0.8039225,-0.01809952,0.737558,Lifting,54,0,17/08/2024 19:22:33
0.3617734,0.7837657,0.1200863,2.78063,358.218,5.540973,0.3341834,0.803965,-0.0180912,0.738205,Lifting,54,0,17/08/2024 19:22:33
0.3618861,0.7838145,0.1201951,3.009117,358.1465,5.35559,0.3342191,0.8039906,-0.01807777,0.7387803,Lifting,54,0,17/08/2024 19:22:33
0.3619178,0.7838502,0.1202691,3.159973,358.146,5.312467,0.3342998,0.8040453,-0.01806609,0.7394014,Lifting,54,0,17/08/2024 19:22:33
0.3618065,0.7840188,0.1202845,3.221221,358.1953,5.57194,0.3343393,0.8040621,-0.01806663,0.7399528,Lifting,54,0,17/08/2024 19:22:33
0.362194,0.7841279,0.1203622,3.485664,358.074,5.651845,0.3343706,0.804091,-0.01802074,0.7405804,Lifting,54,0,17/08/2024 19:22:33
0.3622712,0.7842081,0.1204868,3.752234,358.1023,5.577886,0.3344516,0.804142,-0.01796611,0.7411115,Lifting,54,0,17/08/2024 19:22:33
0.3623036,0.7844799,0.1205401,3.810754,358.5117,5.995821,0.3344908,0.8041652,-0.0179329,0.7416774,Lifting,54,0,17/08/2024 19:22:33
0.36282,0.7846986,0.1205169,4.364252,358.5958,6.289521,0.3345739,0.8042126,-0.01787253,0.7422938,Lifting,54,0,17/08/2024 19:22:33
0.3632907,0.7848832,0.1205932,4.649034,358.4832,6.429135,0.3346068,0.8042447,-0.01781953,0.7428549,Lifting,54,0,17/08/2024 19:22:33
0.363259,0.7851576,0.1206281,4.878012,359.0462,6.870631,0.3346846,0.8042934,-0.01782899,0.743471,Lifting,54,0,17/08/2024 19:22:33
0.3639784,0.7854405,0.1205104,5.43012,359.1902,7.083612,0.3347789,0.8043396,-0.01783714,0.7440233,Lifting,54,0,17/08/2024 19:22:33
0.3644522,0.785573,0.120526,5.691187,359.1179,7.17281,0.3348188,0.8043797,-0.01782462,0.7445736,Lifting,54,0,17/08/2024 19:22:33
0.3649804,0.7858016,0.1205497,5.975174,359.4503,7.454045,0.3349117,0.804437,-0.01787229,0.7451779,Lifting,54,0,17/08/2024 19:22:33
0.3648737,0.7859592,0.120559,6.022002,359.5073,7.693345,0.3349696,0.8044679,-0.01792092,0.7457088,Lifting,54,0,17/08/2024 19:22:33
0.3654384,0.7862102,0.1204977,6.439747,359.4749,8.130181,0.335059,0.804517,-0.01799381,0.7463759,Lifting,54,0,17/08/2024 19:22:33
0.365626,0.7861432,0.1205537,6.551883,359.4037,7.799154,0.335094,0.8045695,-0.01800576,0.7469556,Lifting,54,0,17/08/2024 19:22:33
0.365941,0.7862056,0.1206378,6.598151,359.3653,7.904887,0.3351698,0.8046295,-0.01803565,0.7475747,Lifting,54,0,17/08/2024 19:22:33
0.3658498,0.7862996,0.12064,6.614677,359.4091,8.108141,0.3352251,0.8046625,-0.01807741,0.7481646,Lifting,54,0,17/08/2024 19:22:33
0.3659023,0.7862954,0.120702,6.593528,359.5747,8.158005,0.3353027,0.8047346,-0.01813343,0.748786,Lifting,54,0,17/08/2024 19:22:33
0.3663049,0.7864136,0.1207839,6.549008,0.144532,8.463902,0.3353777,0.8047961,-0.0181722,0.7493412,Lifting,54,0,17/08/2024 19:22:33
0.3665098,0.7864318,0.1208334,6.491561,0.1979365,8.642947,0.3354165,0.8048416,-0.01820073,0.7498817,Lifting,54,0,17/08/2024 19:22:33
0.3670437,0.7864839,0.1211123,5.971521,0.2301249,9.345131,0.3354997,0.804904,-0.01822214,0.7505174,Lifting,54,0,17/08/2024 19:22:33
0.3672765,0.7865308,0.1211704,5.876264,0.2820345,9.578421,0.3355465,0.804947,-0.01825165,0.7510582,Lifting,54,0,17/08/2024 19:22:33
0.3677458,0.7866372,0.1213519,5.512794,0.3917157,10.12142,0.3356374,0.8050137,-0.01828994,0.7517151,Lifting,54,0,17/08/2024 19:22:33
0.3683228,0.7866054,0.1216496,4.834397,0.0208899,10.87439,0.3356666,0.8050672,-0.01829457,0.7522566,Lifting,54,0,17/08/2024 19:22:33
0.3687747,0.7867901,0.122001,3.758345,359.7249,11.78907,0.3357321,0.8051152,-0.01829528,0.7529128,Lifting,54,0,17/08/2024 19:22:33
0.3695674,0.7869239,0.1221011,3.465539,359.9812,12.57456,0.3358399,0.8051662,-0.01834849,0.7534698,Lifting,54,0,17/08/2024 19:22:33
0.3694904,0.7870277,0.1227071,2.199479,359.2221,12.64106,0.3359282,0.8053153,-0.01847317,0.7540172,Lifting,54,0,17/08/2024 19:22:33
0.370119,0.7873954,0.1225509,2.445908,359.7447,13.39902,0.3360341,0.805627,-0.01858612,0.7546866,Lifting,54,0,17/08/2024 19:22:33
0.3703429,0.7873662,0.1224962,2.573612,359.821,13.60447,0.3360948,0.8059761,-0.01870477,0.7552462,Lifting,54,0,17/08/2024 19:22:33
0.3708957,0.7884865,0.1225064,2.250752,359.9929,14.15064,0.3362011,0.8066609,-0.01892053,0.7558774,Lifting,54,0,17/08/2024 19:22:33
0.3710802,0.7883402,0.1223722,2.553693,0.01994528,14.31586,0.3362533,0.8072923,-0.01907553,0.7564641,Lifting,54,0,17/08/2024 19:22:33
0.3717096,0.7903483,0.1224501,1.794991,0.0169626,14.97757,0.3363407,0.8083416,-0.01928371,0.7570744,Lifting,54,0,17/08/2024 19:22:33
0.3717332,0.7901036,0.1224359,1.895019,359.5889,15.04224,0.336398,0.8092239,-0.01948241,0.7576262,Lifting,54,0,17/08/2024 19:22:33
0.3719378,0.7910103,0.1221817,2.155603,359.9021,15.26798,0.3364647,0.8105299,-0.01964042,0.7582656,Lifting,54,0,17/08/2024 19:22:33
0.3725554,0.7942924,0.1223431,1.183433,359.8669,15.95384,0.3365638,0.8120863,-0.01986063,0.7588139,Lifting,54,0,17/08/2024 19:22:33
0.3725515,0.7939347,0.1221723,1.621215,359.463,15.96798,0.3366153,0.8134471,-0.02010223,0.7593883,Lifting,54,0,17/08/2024 19:22:33
0.3729628,0.798251,0.1224313,0.09433186,359.3319,16.31285,0.3367403,0.8158172,-0.02039835,0.7600622,Lifting,54,0,17/08/2024 19:22:33
0.3730256,0.7980605,0.1220695,0.7395704,359.295,16.26389,0.3367783,0.8175184,-0.02065599,0.7605903,Lifting,54,0,17/08/2024 19:22:33
0.3735721,0.8043337,0.1222414,359.2225,359.0415,16.87061,0.3369355,0.8217955,-0.02106492,0.7612345,Lifting,54,0,17/08/2024 19:22:33
0.3734318,0.8039036,0.1214308,0.7586979,358.9916,16.66456,0.3369583,0.8252571,-0.02147804,0.7617829,Lifting,54,0,17/08/2024 19:22:33
0.373452,0.8072615,0.1211708,0.7630889,358.5251,16.97149,0.3371036,0.8303356,-0.02190923,0.7624025,Lifting,54,0,17/08/2024 19:22:33
0.3744079,0.8191568,0.1221063,357.3196,358.4677,17.80217,0.3372679,0.8354117,-0.02215288,0.7629344,Lifting,54,0,17/08/2024 19:22:33
0.3740548,0.8187118,0.1214948,358.2901,358.3116,17.44247,0.3372504,0.8387717,-0.0226086,0.7635009,Lifting,54,0,17/08/2024 19:22:33
0.374662,0.8271739,0.1214127,357.667,358.6256,18.52252,0.3373594,0.8431006,-0.02297948,0.7641231,Lifting,54,0,17/08/2024 19:22:33
0.3745556,0.8269717,0.1208257,358.8575,358.5934,18.31293,0.3373575,0.8456019,-0.02332277,0.764689,Lifting,54,0,17/08/2024 19:22:33
0.3747469,0.8342943,0.1213243,356.5895,358.3299,18.90361,0.337463,0.8495086,-0.02367311,0.7653551,Lifting,54,0,17/08/2024 19:22:33
0.3746867,0.8342416,0.1208289,357.6256,358.3786,18.72456,0.337468,0.8516665,-0.02394608,0.7658967,Lifting,54,0,17/08/2024 19:22:33
0.3747992,0.8407339,0.1212233,355.7178,358.1104,19.17449,0.3375732,0.855171,-0.02424351,0.7665384,Lifting,54,0,17/08/2024 19:22:33
0.3746212,0.8407616,0.1209008,356.435,357.9279,19.00448,0.3375966,0.8574817,-0.02452476,0.7671283,Lifting,54,0,17/08/2024 19:22:33
0.3748147,0.8474588,0.1210957,355.026,357.874,19.38455,0.33772,0.8610678,-0.0248107,0.7677709,Lifting,54,0,17/08/2024 19:22:33
0.3744643,0.8473518,0.1206233,356.1281,357.8416,19.13886,0.3377408,0.8634071,-0.02509844,0.7683371,Lifting,54,0,17/08/2024 19:22:33
0.3742803,0.8544676,0.1207872,354.8888,357.6473,19.63975,0.3378723,0.8673651,-0.0254348,0.7689888,Lifting,54,0,17/08/2024 19:22:33
0.3735591,0.8545497,0.1204572,355.8021,357.4055,19.26402,0.3378983,0.8700408,-0.02578407,0.7695606,Lifting,54,0,17/08/2024 19:22:33
0.3728507,0.8572379,0.1198314,357.6428,357.2152,19.62836,0.3380065,0.873808,-0.02619195,0.7701761,Lifting,54,0,17/08/2024 19:22:33
0.3722427,0.8668938,0.1203855,355.0688,356.6925,20.06158,0.3381491,0.878068,-0.02658325,0.7707129,Lifting,54,0,17/08/2024 19:22:33
0.370366,0.8669075,0.1202018,355.3352,355.8139,18.96956,0.338187,0.8821797,-0.02719331,0.7712606,Lifting,54,0,17/08/2024 19:22:33
0.3699266,0.8788393,0.1184537,359.2048,356.1235,21.56968,0.3385132,0.8904358,-0.02789162,0.7719204,Lifting,54,0,17/08/2024 19:22:33
0.3663997,0.880411,0.1197707,354.564,353.902,18.22591,0.3385811,0.8956085,-0.02881134,0.7724625,Lifting,54,0,17/08/2024 19:22:33
0.3647807,0.8955029,0.1196531,352.7255,353.8289,18.54111,0.3388919,0.9040025,-0.02969732,0.7731324,Lifting,54,0,17/08/2024 19:22:33
0.3619872,0.8976216,0.1206052,349.4806,351.9808,17.24669,0.3389218,0.9079089,-0.03054583,0.773692,Lifting,54,0,17/08/2024 19:22:33
0.3609494,0.9077255,0.120374,347.2333,351.6778,17.30747,0.3390673,0.9122849,-0.03146739,0.7743288,Lifting,54,0,17/08/2024 19:22:33
0.3594168,0.9088041,0.1208092,344.5803,350.9444,16.18932,0.3391204,0.914266,-0.03200043,0.7748737,Lifting,54,0,17/08/2024 19:22:33
0.3582925,0.9116038,0.1207036,343.6195,350.411,15.9402,0.3393151,0.9167242,-0.03254607,0.7755241,Lifting,54,0,17/08/2024 19:22:33
0.3578987,0.9177032,0.1206821,340.7478,350.1913,15.73399,0.339512,0.9188187,-0.033071,0.7760739,Lifting,54,0,17/08/2024 19:22:33
0.3573658,0.9175988,0.1203075,341.5904,350.1489,15.5084,0.3396689,0.9200793,-0.03339263,0.7766249,Lifting,54,0,17/08/2024 19:22:33
0.3568611,0.9216916,0.1202388,339.8511,349.859,15.21626,0.340048,0.9220008,-0.03386919,0.7772902,Lifting,54,0,17/08/2024 19:22:33
0.3560528,0.9226847,0.1207929,337.1162,349.5462,14.34431,0.340274,0.9230723,-0.0341372,0.7778387,Lifting,54,0,17/08/2024 19:22:33
0.3562742,0.9261962,0.1207428,335.4923,349.4903,14.30445,0.3407243,0.9247508,-0.03448461,0.7784534,Lifting,54,0,17/08/2024 19:22:33
0.3559926,0.9267335,0.1211093,333.8323,349.1697,13.43873,0.3410158,0.9259182,-0.03473022,0.7790063,Lifting,54,0,17/08/2024 19:22:33
0.3560059,0.9278848,0.1209106,334.1043,348.8226,13.30808,0.3414544,0.9276585,-0.03501727,0.7796348,Lifting,54,0,17/08/2024 19:22:33
0.3570605,0.9311869,0.120157,336.4851,348.8741,14.05733,0.342014,0.9297199,-0.03515304,0.7801704,Lifting,54,0,17/08/2024 19:22:33
0.3563946,0.9311369,0.1202365,336.3375,348.6639,13.71595,0.3423906,0.9315196,-0.03534595,0.7807374,Lifting,54,0,17/08/2024 19:22:33
0.3552749,0.934139,0.1180411,339.7893,347.6564,13.50002,0.3435119,0.93464,-0.03542213,0.781351,Lifting,54,0,17/08/2024 19:22:33
0.3567668,0.9349006,0.1174915,343.5419,347.7938,11.13228,0.3453372,0.9372668,-0.03553844,0.7818941,Lifting,54,0,17/08/2024 19:22:33
0.3545565,0.9348939,0.117131,344.9313,345.7505,10.7404,0.3483503,0.9413925,-0.03629401,0.782846,Lifting,54,0,17/08/2024 19:22:33
0.3565581,0.9403353,0.1176344,347.5983,344.0767,4.47074,0.3520625,0.9458327,-0.03583417,0.7834656,Lifting,54,0,17/08/2024 19:22:33
0.3548608,0.942414,0.1191634,347.7054,340.0639,0.7634501,0.3540152,0.9490988,-0.03540172,0.7840468,Lifting,54,0,17/08/2024 19:22:33
0.3531574,0.9430631,0.1197391,345.6339,339.4497,359.1927,0.35504,0.9524974,-0.03553601,0.7847464,Lifting,54,0,17/08/2024 19:22:33
0.350937,0.945386,0.1214305,345.8398,338.1519,353.296,0.3563959,0.9578038,-0.03514328,0.7855133,Lifting,54,0,17/08/2024 19:22:33
0.3500523,0.9464288,0.1223653,346.0566,337.7351,351.86,0.3569261,0.9607058,-0.03521236,0.7861433,Lifting,54,0,17/08/2024 19:22:33
0.3482877,0.9480382,0.1242295,346.4584,336.8889,348.9956,0.3576002,0.9648055,-0.03491101,0.7867693,Lifting,54,0,17/08/2024 19:22:33
0.3465296,0.9490138,0.1260861,346.8172,336.028,346.1415,0.3580579,0.9680918,-0.03480804,0.787406,Lifting,54,0,17/08/2024 19:22:33
0.3447787,0.94936,0.1279353,347.1327,335.1545,343.2974,0.3584962,0.9713939,-0.03482385,0.7881178,Lifting,54,0,17/08/2024 19:22:33
0.3430349,0.9490781,0.1297771,347.4046,334.2707,340.4634,0.3589915,0.9741445,-0.03507055,0.7888743,Lifting,54,0,17/08/2024 19:22:33
0.3412983,0.9481726,0.1316114,347.6326,333.3786,337.6396,0.3598889,0.9779168,-0.03586214,0.790033,Lifting,54,0,17/08/2024 19:22:33
0.3395683,0.9466443,0.1334385,347.8168,332.4804,334.826,0.3604636,0.9802179,-0.03652256,0.7906525,Lifting,54,0,17/08/2024 19:22:33
0.338706,0.9456475,0.1343493,347.8925,332.0298,333.423,0.3610826,0.9827887,-0.03716995,0.7913048,Lifting,54,0,17/08/2024 19:22:33
0.3378454,0.9444961,0.1352583,347.9573,331.5783,332.0227,0.3618884,0.9864475,-0.03782165,0.7919161,Lifting,54,0,17/08/2024 19:22:33
0.3361293,0.9417305,0.1370709,348.0541,330.6743,329.2299,0.3629633,0.9915305,-0.0383145,0.7925076,Lifting,54,0,17/08/2024 19:22:33
0.3352738,0.9401169,0.1379744,348.0862,330.2221,327.8376,0.3637108,0.9951901,-0.03895855,0.7930438,Lifting,54,0,17/08/2024 19:22:33
0.333568,0.9364299,0.1397761,348.1182,329.319,325.0609,0.3649849,1.001648,-0.03936728,0.7936594,Lifting,54,0,17/08/2024 19:22:33
0.3327177,0.934357,0.1406742,348.1181,328.8685,323.6768,0.3658071,1.005854,-0.04000523,0.7942008,Lifting,54,0,17/08/2024 19:22:33
0.331869,0.9321316,0.1415706,348.1074,328.4191,322.2954,0.366908,1.011689,-0.04059619,0.794806,Lifting,54,0,17/08/2024 19:22:33
0.3301768,0.9272246,0.1433579,348.0544,327.5241,319.5411,0.3681232,1.018101,-0.04054309,0.7953506,Lifting,54,0,17/08/2024 19:22:33
0.3293332,0.9245436,0.1442489,348.0123,327.0792,318.1682,0.3689131,1.02224,-0.04111987,0.7958869,Lifting,54,0,17/08/2024 19:22:33
0.3284914,0.9217112,0.1451381,347.9599,326.6362,316.7982,0.3699129,1.027763,-0.04161886,0.7964991,Lifting,54,0,17/08/2024 19:22:33
0.3268127,0.9155939,0.1469112,347.8246,325.757,314.0669,0.3708859,1.033166,-0.04149731,0.7970238,Lifting,54,0,17/08/2024 19:22:33
0.3259758,0.9123095,0.147795,347.7419,325.3212,312.7056,0.3714869,1.036365,-0.04191712,0.7975485,Lifting,54,0,17/08/2024 19:22:33
0.3243071,0.9052908,0.1495575,347.5468,324.4585,309.992,0.3723187,1.041207,-0.04193102,0.7981917,Lifting,54,0,17/08/2024 19:22:33
0.3234753,0.9015571,0.1504361,347.4348,324.0319,308.6396,0.3727707,1.043682,-0.04205617,0.7987146,Lifting,54,0,17/08/2024 19:22:33
0.3226451,0.8976742,0.1513129,347.3131,323.6088,307.2902,0.3733632,1.047034,-0.04206168,0.7993234,Lifting,54,0,17/08/2024 19:22:33
0.3209898,0.8894621,0.1530613,347.0418,322.7739,304.6004,0.3739198,1.050608,-0.04119536,0.7998629,Lifting,54,0,17/08/2024 19:22:33
0.3201646,0.8851334,0.1539328,346.8923,322.3625,303.2599,0.3742376,1.052875,-0.04099957,0.8003969,Lifting,54,0,17/08/2024 19:22:33
0.319341,0.8806568,0.1548027,346.7339,321.9553,301.9224,0.374529,1.05592,-0.04080288,0.8009951,Lifting,54,0,17/08/2024 19:22:33
0.3176989,0.8712608,0.1565371,346.3905,321.1544,299.2563,0.374621,1.059171,-0.04002428,0.8015167,Lifting,54,0,17/08/2024 19:22:33
0.3168803,0.866342,0.1574017,346.2058,320.7611,297.9277,0.3743978,1.061268,-0.03996487,0.8020377,Lifting,54,0,17/08/2024 19:22:33
0.3160633,0.8612764,0.1582646,346.0128,320.3727,296.602,0.3736845,1.06411,-0.03996776,0.802632,Lifting,54,0,17/08/2024 19:22:33
0.3144343,0.8507059,0.1599852,345.6021,319.6116,293.9591,0.3724423,1.067072,-0.03964106,0.8031439,Lifting,54,0,17/08/2024 19:22:33
0.3136222,0.8452016,0.160843,345.3848,319.2391,292.642,0.3713726,1.069175,-0.03974162,0.8036897,Lifting,54,0,17/08/2024 19:22:33
0.3128117,0.8395517,0.161699,345.1597,318.8723,291.3276,0.3697235,1.072032,-0.0398702,0.8043166,Lifting,54,0,17/08/2024 19:22:33
0.3111957,0.8278161,0.1634059,344.6869,318.1561,288.707,0.3676903,1.075033,-0.0399005,0.8048569,Lifting,54,0,17/08/2024 19:22:33
0.3103901,0.821731,0.1642568,344.4395,317.807,287.4007,0.3663961,1.077095,-0.04014349,0.8054046,Lifting,54,0,17/08/2024 19:22:33
0.3087837,0.8091276,0.1659534,343.9236,317.1276,284.7958,0.3643199,1.08036,-0.04040483,0.806021,Lifting,54,0,17/08/2024 19:22:33
0.3079826,0.8026102,0.1667992,343.6554,316.7975,283.4971,0.3632529,1.08243,-0.04072018,0.8065653,Lifting,54,0,17/08/2024 19:22:33
0.3071836,0.7959483,0.1676432,343.3807,316.4741,282.2008,0.3621105,1.085148,-0.0410637,0.8071555,Lifting,54,0,17/08/2024 19:22:33
0.3066406,0.7884804,0.1718104,348.0921,317.3707,278.7067,0.361108,1.088151,-0.04134806,0.8076992,Lifting,54,0,17/08/2024 19:22:33
0.3065201,0.7866283,0.1746336,350.7943,317.7898,276.3862,0.3609087,1.090213,-0.04173693,0.8082194,Lifting,54,0,17/08/2024 19:22:33
0.3064203,0.7847126,0.1773449,353.61,318.1137,274.0007,0.3608674,1.093217,-0.04217847,0.8088492,Lifting,54,0,17/08/2024 19:22:33
0.3061459,0.780838,0.1822508,359.3481,318.399,269.5142,0.360828,1.096379,-0.04224743,0.8093775,Lifting,54,0,17/08/2024 19:22:33
0.3055606,0.7806486,0.1825863,0.7826838,318.4029,269.9971,0.3608606,1.098623,-0.04256532,0.8099028,Lifting,54,0,17/08/2024 19:22:33
0.305391,0.7808725,0.1827764,1.332822,318.3947,269.9982,0.3609286,1.101734,-0.04290775,0.8104907,Lifting,54,0,17/08/2024 19:22:33
0.3051821,0.781171,0.1830107,2.030489,318.3957,270.0002,0.3609766,1.105154,-0.0428376,0.8110092,Lifting,54,0,17/08/2024 19:22:33
0.3051358,0.7812351,0.183063,2.185137,318.3957,270,0.3610571,1.107704,-0.04318925,0.81155,Lifting,54,0,17/08/2024 19:22:33
0.3051603,0.7812008,0.1830355,2.103753,318.3957,270,0.3611748,1.112738,-0.04339269,0.8121704,Lifting,54,0,17/08/2024 19:22:33
0.3052307,0.7811022,0.1829562,1.86868,318.3958,270,0.361244,1.117152,-0.0441209,0.8127342,Lifting,54,0,17/08/2024 19:22:33
0.3053397,0.7809488,0.1828332,1.505084,318.3952,270,0.3613622,1.123537,-0.04485266,0.8133263,Lifting,54,0,17/08/2024 19:22:33
0.3056707,0.7804703,0.1824603,0.3879236,318.3945,270,0.3614713,1.130603,-0.04456476,0.8138599,Lifting,54,0,17/08/2024 19:22:33
0.3057965,0.7803123,0.1823206,359.9714,318.3943,269.9978,0.361512,1.135035,-0.04521819,0.8144134,Lifting,54,0,17/08/2024 19:22:33
0.3057875,0.7803001,0.1823292,1.366038E-05,318.3943,270,0.3616638,1.14106,-0.0450365,0.8150308,Lifting,54,0,17/08/2024 19:22:33
0.3057875,0.7803001,0.1823292,1.024528E-05,318.3943,270,0.3617301,1.143521,-0.04512747,0.8155623,Lifting,54,0,17/08/2024 19:22:33
0.3057875,0.7803001,0.1823293,6.830189E-06,318.3943,270,0.3617852,1.146736,-0.04518371,0.8161951,Lifting,54,0,17/08/2024 19:22:33
0.3057875,0.7803001,0.1823292,1.707547E-05,318.3943,270,0.3618917,1.149853,-0.0442374,0.8167206,Lifting,54,0,17/08/2024 19:22:33
0.3057875,0.7803001,0.1823292,6.830189E-06,318.3943,270,0.3619264,1.151755,-0.04396285,0.8172856,Lifting,54,0,17/08/2024 19:22:33
0.3057875,0.7803001,0.1823292,1.707547E-05,318.3943,270,0.361993,1.154767,-0.04282174,0.8179132,Lifting,54,0,17/08/2024 19:22:33
0.3057875,0.7803001,0.1823292,6.830189E-06,318.3943,270,0.3620012,1.156361,-0.04232685,0.8184416,Lifting,54,0,17/08/2024 19:22:33
0.3057875,0.7803001,0.1823292,0,318.3943,270,0.3619398,1.158526,-0.04172504,0.8190526,Lifting,54,0,17/08/2024 19:22:33
0.3057875,0.7803001,0.1823292,6.830189E-06,318.3943,270,0.3620321,1.161186,-0.04008333,0.8195868,Lifting,54,0,17/08/2024 19:22:33
0.3057875,0.7803001,0.1823292,0,318.3943,270,0.3620436,1.162917,-0.03948535,0.8201228,Lifting,54,0,17/08/2024 19:22:33
0.3057875,0.7803001,0.1823292,1.707547E-05,318.3943,270,0.3619865,1.165356,-0.03884871,0.8207147,Lifting,54,0,17/08/2024 19:22:33
0.3057875,0.7803001,0.1823292,0,318.3943,270,0.3620816,1.168805,-0.03715958,0.8212845,Lifting,54,0,17/08/2024 19:22:33
0.3057875,0.7803001,0.1823292,1.707547E-05,318.3943,270,0.3621107,1.171037,-0.03666598,0.8218014,Lifting,54,0,17/08/2024 19:22:33
0.3057875,0.7803001,0.1823292,0,318.3943,270,0.3621359,1.175974,-0.03535331,0.8224044,Lifting,54,0,17/08/2024 19:22:33
0.3057875,0.7803001,0.1823292,1.707547E-05,318.3943,270,0.3620307,1.180451,-0.03521742,0.822992,Lifting,54,0,17/08/2024 19:22:33
0.3057875,0.7803001,0.1823292,6.830189E-06,318.3943,270,0.3618546,1.186884,-0.03492087,0.8236054,Lifting,54,0,17/08/2024 19:22:33
0.3057875,0.7803001,0.1823292,1.707547E-05,318.3943,270,0.3619642,1.194028,-0.0324333,0.8241374,Lifting,54,0,17/08/2024 19:22:33
0.3057875,0.7803001,0.1823292,6.830189E-06,318.3943,270,0.3620321,1.197515,-0.03183084,0.8246852,Lifting,54,0,17/08/2024 19:22:33
0.3057875,0.7803001,0.1823292,1.707547E-05,318.3943,270,0.3622581,1.201438,-0.03005841,0.8253189,Lifting,54,0,17/08/2024 19:22:33
0.3057875,0.7803001,0.1823292,6.830189E-06,318.3943,270,0.3624286,1.202074,-0.02937863,0.8258592,Lifting,54,0,17/08/2024 19:22:33
0.3057875,0.7803001,0.1823292,0,318.3943,270,0.3625613,1.202676,-0.0289419,0.8264764,Lifting,54,0,17/08/2024 19:22:33
0.3057875,0.7803001,0.1823292,6.830189E-06,318.3943,270,0.3627144,1.203261,-0.02834102,0.8270169,Lifting,54,0,17/08/2024 19:22:33
0.3057875,0.7803001,0.1823292,0,318.3943,270,0.362771,1.203462,-0.02818479,0.8275714,Lifting,54,0,17/08/2024 19:22:33
0.3057875,0.7803001,0.1823292,6.830189E-06,318.3943,270,0.3628401,1.203679,-0.02801291,0.828161,Lifting,54,0,17/08/2024 19:22:33
0.3057875,0.7803001,0.1823292,0,318.3943,270,0.3628661,1.203753,-0.02799103,0.8286949,Lifting,54,0,17/08/2024 19:22:33
0.3057875,0.7803001,0.1823292,1.707547E-05,318.3943,270,0.3629049,1.203846,-0.02804132,0.8293205,Lifting,54,0,17/08/2024 19:22:34
0.3057875,0.7803001,0.1823292,0,318.3943,270,0.3629356,1.20397,-0.02823299,0.8298797,Lifting,54,0,17/08/2024 19:22:34
0.3057875,0.7803001,0.1823292,1.707547E-05,318.3943,270,0.3629692,1.204117,-0.02843291,0.8303968,Lifting,54,0,17/08/2024 19:22:34
0.3057875,0.7803001,0.1823292,6.830189E-06,318.3943,270,0.3630159,1.204402,-0.028774,0.8310068,Lifting,54,0,17/08/2024 19:22:34
0.3057875,0.7803001,0.1823292,1.707547E-05,318.3943,270,0.3630015,1.204749,-0.02932952,0.8315389,Lifting,54,0,17/08/2024 19:22:34
0.3057875,0.7803001,0.1823292,6.830189E-06,318.3943,270,0.3630265,1.205154,-0.02973167,0.8320649,Lifting,54,0,17/08/2024 19:22:34
0.3057875,0.7803001,0.1823292,1.707547E-05,318.3943,270,0.3629583,1.20703,-0.03072274,0.8326986,Lifting,54,0,17/08/2024 19:22:34
0.3057875,0.7803001,0.1823292,6.830189E-06,318.3943,270,0.362856,1.210095,-0.0319329,0.8332295,Lifting,54,0,17/08/2024 19:22:34
0.3057875,0.7803001,0.1823292,0,318.3943,270,0.3626322,1.215719,-0.03363106,0.8338525,Lifting,54,0,17/08/2024 19:22:34
0.3057875,0.7803001,0.1823292,6.830189E-06,318.3943,270,0.3621628,1.222359,-0.03443462,0.8343736,Lifting,54,0,17/08/2024 19:22:34
0.3057875,0.7803001,0.1823292,1.707547E-05,318.3943,270,0.3617224,1.22742,-0.03521478,0.8349049,Lifting,54,0,17/08/2024 19:22:34
0.3057875,0.7803001,0.1823292,0,318.3943,270,0.3608959,1.23337,-0.03588056,0.8358503,Lifting,54,0,17/08/2024 19:22:34
0.3057875,0.7803001,0.1823292,1.707547E-05,318.3943,270,0.3603804,1.235614,-0.03596869,0.8365036,Lifting,54,0,17/08/2024 19:22:34
0.3057875,0.7803001,0.1823292,6.830189E-06,318.3943,270,0.35972,1.238213,-0.03607202,0.8371288,Lifting,54,0,17/08/2024 19:22:34
0.3057875,0.7803001,0.1823292,1.707547E-05,318.3943,270,0.3589992,1.241088,-0.03555811,0.8376744,Lifting,54,0,17/08/2024 19:22:34
0.3057875,0.7803001,0.1823292,6.830189E-06,318.3943,270,0.3585281,1.24279,-0.03556045,0.8382202,Lifting,54,0,17/08/2024 19:22:34
0.3057875,0.7803001,0.1823292,1.707547E-05,318.3943,270,0.3576931,1.245589,-0.03525276,0.8388264,Lifting,54,0,17/08/2024 19:22:34
0.3057875,0.7803001,0.1823292,6.830189E-06,318.3943,270,0.3571685,1.247193,-0.03525643,0.8393841,Lifting,54,0,17/08/2024 19:22:34
0.3057875,0.7803001,0.1823292,1.707547E-05,318.3943,270,0.3562844,1.249763,-0.03489007,0.8399872,Lifting,54,0,17/08/2024 19:22:34
0.3057875,0.7803001,0.1823292,6.830189E-06,318.3943,270,0.3556389,1.251465,-0.03486061,0.8406414,Lifting,54,0,17/08/2024 19:22:34
0.3057875,0.7803001,0.1823292,1.707547E-05,318.3943,270,0.3546224,1.254209,-0.03440616,0.8413337,Lifting,54,0,17/08/2024 19:22:34
0.3057875,0.7803001,0.1823292,1.707547E-05,318.3943,270,0.3539573,1.256432,-0.03374146,0.8419726,Lifting,54,0,17/08/2024 19:22:34
0.3057875,0.7803001,0.1823292,6.830189E-06,318.3943,270,0.3528491,1.259147,-0.03422415,0.8431549,Lifting,54,0,17/08/2024 19:22:34
0.3057875,0.7803001,0.1823292,1.707547E-05,318.3943,270,0.351455,1.262126,-0.03402195,0.8438939,Lifting,54,0,17/08/2024 19:22:34
0.3057875,0.7803001,0.1823292,6.830189E-06,318.3943,270,0.3507939,1.26335,-0.03402352,0.8444214,Lifting,54,0,17/08/2024 19:22:34
0.3057875,0.7803001,0.1823292,1.707547E-05,318.3943,270,0.3496355,1.265431,-0.03393488,0.8450219,Lifting,54,0,17/08/2024 19:22:34
0.3057875,0.7803001,0.1823292,6.830189E-06,318.3943,270,0.348929,1.266614,-0.03402887,0.8455488,Lifting,54,0,17/08/2024 19:22:34
0.3057875,0.7803001,0.1823292,0,318.3943,270,0.3479573,1.268184,-0.03421279,0.8461457,Lifting,54,0,17/08/2024 19:22:34
0.3057875,0.7803001,0.1823292,6.830189E-06,318.3943,270,0.3468454,1.269969,-0.03420198,0.8466971,Lifting,54,0,17/08/2024 19:22:34
0.3057875,0.7803001,0.1823292,0,318.3943,270,0.3462366,1.270906,-0.03433965,0.8472195,Lifting,54,0,17/08/2024 19:22:34
0.3057875,0.7803001,0.1823292,1.707547E-05,318.3943,270,0.3454351,1.272098,-0.03457465,0.8478422,Lifting,54,0,17/08/2024 19:22:34
0.3057875,0.7803001,0.1823292,0,318.3943,270,0.3446321,1.273319,-0.03467492,0.8483801,Lifting,54,0,17/08/2024 19:22:34
0.3057875,0.7803001,0.1823292,1.707547E-05,318.3943,270,0.344257,1.273976,-0.03480336,0.8489038,Lifting,54,0,17/08/2024 19:22:34
0.3057875,0.7803001,0.1823292,6.830189E-06,318.3943,270,0.3438641,1.274784,-0.03494588,0.8495016,Lifting,54,0,17/08/2024 19:22:34
0.3057875,0.7803001,0.1823292,1.707547E-05,318.3943,270,0.3434977,1.275708,-0.03491313,0.8500322,Lifting,54,0,17/08/2024 19:22:34
0.3057875,0.7803001,0.1823292,6.830189E-06,318.3943,270,0.3433009,1.276289,-0.03496522,0.8505716,Lifting,54,0,17/08/2024 19:22:34
0.3057875,0.7803001,0.1823292,1.707547E-05,318.3943,270,0.3429904,1.277297,-0.03495099,0.8511798,Lifting,54,0,17/08/2024 19:22:34
0.3057875,0.7803001,0.1823292,6.830189E-06,318.3943,270,0.342829,1.27793,-0.0350118,0.8517227,Lifting,54,0,17/08/2024 19:22:34
0.3057875,0.7803001,0.1823292,0,318.3943,270,0.3426229,1.278809,-0.03512718,0.8523185,Lifting,54,0,17/08/2024 19:22:34
0.3057875,0.7803001,0.1823292,6.830189E-06,318.3943,270,0.3424212,1.279986,-0.03506416,0.8528478,Lifting,54,0,17/08/2024 19:22:34
0.3057875,0.7803001,0.1823292,0,318.3943,270,0.3423374,1.280848,-0.03524507,0.8533726,Lifting,54,0,17/08/2024 19:22:34
0.3057875,0.7803001,0.1823292,1.707547E-05,318.3943,270,0.3422418,1.282156,-0.03567925,0.8539637,Lifting,54,0,17/08/2024 19:22:34
0.3057875,0.7803001,0.1823292,0,318.3943,270,0.3421443,1.283839,-0.03611594,0.8544829,Lifting,54,0,17/08/2024 19:22:34
0.3057875,0.7803001,0.1823292,1.707547E-05,318.3943,270,0.342111,1.285095,-0.03661035,0.8550192,Lifting,54,0,17/08/2024 19:22:34
0.3057875,0.7803001,0.1823292,1.707547E-05,318.3943,270,0.3420519,1.286935,-0.03727349,0.8556244,Lifting,54,0,17/08/2024 19:22:34
0.3057875,0.7803001,0.1823292,1.707547E-05,318.3943,270,0.3419649,1.289473,-0.03762166,0.8562113,Lifting,54,0,17/08/2024 19:22:34
0.3057875,0.7803001,0.1823292,1.707547E-05,318.3943,270,0.3421186,1.291339,-0.03801532,0.856747,Lifting,54,0,17/08/2024 19:22:34
0.3057875,0.7803001,0.1823292,1.707547E-05,318.3943,270,0.3427693,1.295347,-0.03830578,0.8573562,Lifting,54,0,17/08/2024 19:22:34
0.3057875,0.7803001,0.1823292,1.707547E-05,318.3943,270,0.3433114,1.298082,-0.03878017,0.857886,Lifting,54,0,17/08/2024 19:22:34
0.3057875,0.7803001,0.1823292,1.707547E-05,318.3943,270,0.3440313,1.302157,-0.0394906,0.8584815,Lifting,54,0,17/08/2024 19:22:34
0.3057875,0.7803001,0.1823292,1.707547E-05,318.3943,270,0.344783,1.307696,-0.03911491,0.859035,Lifting,54,0,17/08/2024 19:22:34
0.3057875,0.7803001,0.1823292,1.707547E-05,318.3943,270,0.3449316,1.310966,-0.03939522,0.8595538,Lifting,54,0,17/08/2024 19:22:34
0.3057875,0.7803001,0.1823292,1.707547E-05,318.3943,270,0.3448692,1.315689,-0.03991195,0.8601774,Lifting,54,0,17/08/2024 19:22:34
0.3057875,0.7803001,0.1823292,1.707547E-05,318.3943,270,0.344821,1.321244,-0.03884422,0.8607001,Lifting,54,0,17/08/2024 19:22:34
0.3057875,0.7803001,0.1823292,1.707547E-05,318.3943,270,0.34475,1.324254,-0.03871925,0.8612266,Lifting,54,0,17/08/2024 19:22:34
0.3057875,0.7803001,0.1823292,1.707547E-05,318.3943,270,0.3445659,1.328281,-0.03873083,0.861869,Lifting,54,0,17/08/2024 19:22:34
0.3057875,0.7803001,0.1823292,1.707547E-05,318.3943,270,0.3445761,1.332734,-0.03730389,0.8623878,Lifting,54,0,17/08/2024 19:22:34
0.3057875,0.7803001,0.1823292,1.707547E-05,318.3943,270,0.3445552,1.334878,-0.03699385,0.8629479,Lifting,54,0,17/08/2024 19:22:34
0.3057875,0.7803001,0.1823292,1.707547E-05,318.3943,270,0.3445457,1.338214,-0.03620957,0.8635837,Lifting,54,0,17/08/2024 19:22:34
0.3057875,0.7803001,0.1823292,1.707547E-05,318.3943,270,0.3444793,1.339957,-0.03611125,0.8641714,Lifting,54,0,17/08/2024 19:22:34
0.3057875,0.7803001,0.1823292,1.707547E-05,318.3943,270,0.3443688,1.342781,-0.03565679,0.8647906,Lifting,54,0,17/08/2024 19:22:34
0.3057875,0.7803001,0.1823292,1.707547E-05,318.3943,270,0.3442853,1.344198,-0.03561076,0.8653067,Lifting,54,0,17/08/2024 19:22:34
0.3057875,0.7803001,0.1823292,1.707547E-05,318.3943,270,0.3440923,1.346118,-0.03573961,0.8659456,Lifting,54,0,17/08/2024 19:22:34
0.3057875,0.7803001,0.1823292,1.707547E-05,318.3943,270,0.3439456,1.348424,-0.03531117,0.8664685,Lifting,54,0,17/08/2024 19:22:34
0.3057875,0.7803001,0.1823292,1.707547E-05,318.3943,270,0.3438273,1.349761,-0.03535154,0.8670148,Lifting,54,0,17/08/2024 19:22:34
0.3057875,0.7803001,0.1823292,1.707547E-05,318.3943,270,0.3436159,1.352071,-0.03523598,0.8676392,Lifting,54,0,17/08/2024 19:22:34
0.3057875,0.7803001,0.1823292,1.707547E-05,318.3943,270,0.3434897,1.353292,-0.03534187,0.8681659,Lifting,54,0,17/08/2024 19:22:34
0.3057875,0.7803001,0.1823292,1.707547E-05,318.3943,270,0.3432793,1.354827,-0.03555045,0.868745,Lifting,54,0,17/08/2024 19:22:34
0.3057875,0.7803001,0.1823292,1.707547E-05,318.3943,270,0.3430565,1.356717,-0.035442,0.8692786,Lifting,54,0,17/08/2024 19:22:34
0.3057875,0.7803001,0.1823292,1.707547E-05,318.3943,270,0.3429104,1.357796,-0.03557398,0.869808,Lifting,54,0,17/08/2024 19:22:34
0.3057875,0.7803001,0.1823292,1.707547E-05,318.3943,270,0.3426617,1.359174,-0.03578078,0.8703997,Lifting,54,0,17/08/2024 19:22:34
0.3057875,0.7803001,0.1823292,1.707547E-05,318.3943,270,0.3424158,1.360923,-0.03565682,0.8709351,Lifting,54,0,17/08/2024 19:22:34
0.3057875,0.7803001,0.1823292,1.707547E-05,318.3943,270,0.3422387,1.361993,-0.03577806,0.8715123,Lifting,54,0,17/08/2024 19:22:34
0.3057875,0.7803001,0.1823292,1.707547E-05,318.3943,270,0.3419845,1.363287,-0.03594258,0.8720966,Lifting,54,0,17/08/2024 19:22:34
0.3057875,0.7803001,0.1823292,1.707547E-05,318.3943,270,0.3417424,1.364959,-0.03579784,0.8726417,Lifting,54,0,17/08/2024 19:22:34
0.3057875,0.7803001,0.1823292,1.707547E-05,318.3943,270,0.3415916,1.365878,-0.03586381,0.8731577,Lifting,54,0,17/08/2024 19:22:34
0.3057875,0.7803001,0.1823292,1.707547E-05,318.3943,270,0.3413159,1.367557,-0.0358354,0.8737816,Lifting,54,0,17/08/2024 19:22:34
0.3057875,0.7803001,0.1823292,1.707547E-05,318.3943,270,0.341144,1.36849,-0.03592511,0.874332,Lifting,54,0,17/08/2024 19:22:34
0.3057875,0.7803001,0.1823292,1.707547E-05,318.3943,270,0.3408965,1.369661,-0.03607425,0.8749198,Lifting,54,0,17/08/2024 19:22:34
0.3057875,0.7803001,0.1823292,1.707547E-05,318.3943,270,0.3406741,1.371194,-0.03594757,0.8754565,Lifting,54,0,17/08/2024 19:22:34
0.3057875,0.7803001,0.1823292,1.707547E-05,318.3943,270,0.340523,1.372084,-0.0360295,0.8759948,Lifting,54,0,17/08/2024 19:22:34
0.3057875,0.7803001,0.1823292,1.707547E-05,318.3943,270,0.3402821,1.373253,-0.03619087,0.8766053,Lifting,54,0,17/08/2024 19:22:34
0.3057875,0.7803001,0.1823292,1.707547E-05,318.3943,270,0.3400909,1.374734,-0.03607134,0.8771212,Lifting,54,0,17/08/2024 19:22:34
0.3057875,0.7803001,0.1823292,1.707547E-05,318.3943,270,0.3399515,1.375596,-0.03614668,0.8776459,Lifting,54,0,17/08/2024 19:22:34
0.3057875,0.7803001,0.1823292,1.707547E-05,318.3943,270,0.3397195,1.376776,-0.03631942,0.8782679,Lifting,54,0,17/08/2024 19:22:34
0.3057875,0.7803001,0.1823292,1.707547E-05,318.3943,270,0.3395595,1.378292,-0.03626147,0.8787988,Lifting,54,0,17/08/2024 19:22:34
0.3057875,0.7803001,0.1823292,1.707547E-05,318.3943,270,0.339448,1.379151,-0.03636959,0.8793191,Lifting,54,0,17/08/2024 19:22:34
0.3057875,0.7803001,0.1823292,1.707547E-05,318.3943,270,0.3392676,1.380307,-0.03659894,0.8799223,Lifting,54,0,17/08/2024 19:22:34
0.3057875,0.7803001,0.1823292,1.707547E-05,318.3943,270,0.3391462,1.381809,-0.03659723,0.8804435,Lifting,54,0,17/08/2024 19:22:34
0.3057875,0.7803001,0.1823292,1.707547E-05,318.3943,270,0.3390638,1.382757,-0.03682686,0.8809925,Lifting,54,0,17/08/2024 19:22:34
0.3057875,0.7803001,0.1823292,1.707547E-05,318.3943,270,0.3389401,1.38441,-0.03707289,0.8815863,Lifting,54,0,17/08/2024 19:22:34
0.3057875,0.7803001,0.1823292,1.707547E-05,318.3943,270,0.3388706,1.385392,-0.03738389,0.882128,Lifting,54,0,17/08/2024 19:22:34
0.3057875,0.7803001,0.1823292,1.707547E-05,318.3943,270,0.338753,1.386689,-0.03784583,0.8827267,Lifting,54,0,17/08/2024 19:22:34
0.3057875,0.7803001,0.1823292,1.707547E-05,318.3943,270,0.3386612,1.388365,-0.03806235,0.8832679,Lifting,54,0,17/08/2024 19:22:34
0.3057875,0.7803001,0.1823292,1.707547E-05,318.3943,270,0.3386061,1.389355,-0.03835237,0.8837984,Lifting,54,0,17/08/2024 19:22:34
0.3057875,0.7803001,0.1823292,1.707547E-05,318.3943,270,0.3384982,1.39069,-0.03878999,0.8844033,Lifting,54,0,17/08/2024 19:22:34
0.3057875,0.7803001,0.1823292,1.707547E-05,318.3943,270,0.3384206,1.392482,-0.03896582,0.8849652,Lifting,54,0,17/08/2024 19:22:34
0.3057875,0.7803001,0.1823292,1.707547E-05,318.3943,270,0.3383801,1.393499,-0.03923331,0.8854877,Lifting,54,0,17/08/2024 19:22:34
0.3057875,0.7803001,0.1823292,1.707547E-05,318.3943,270,0.338289,1.394831,-0.0396398,0.8860689,Lifting,54,0,17/08/2024 19:22:34
0.3057875,0.7803001,0.1823292,1.707547E-05,318.3943,270,0.3382323,1.396615,-0.03977224,0.8866094,Lifting,54,0,17/08/2024 19:22:34
0.3057875,0.7803001,0.1823292,1.707547E-05,318.3943,270,0.3381938,1.397646,-0.04003424,0.887132,Lifting,54,0,17/08/2024 19:22:34
0.3057875,0.7803001,0.1823292,1.707547E-05,318.3943,270,0.3381223,1.399478,-0.04026841,0.8877253,Lifting,54,0,17/08/2024 19:22:34
0.3057875,0.7803001,0.1823292,1.707547E-05,318.3943,270,0.3380933,1.400977,-0.04042727,0.8882851,Lifting,54,0,17/08/2024 19:22:34
0.3057875,0.7803001,0.1823292,1.707547E-05,318.3943,270,0.3379342,1.402657,-0.04110173,0.8892224,Lifting,54,0,17/08/2024 19:22:34
0.3057875,0.7803001,0.1823292,1.707547E-05,318.3943,270,0.3378068,1.404855,-0.04134225,0.8898749,Lifting,54,0,17/08/2024 19:22:34
0.3057875,0.7803001,0.1823292,1.707547E-05,318.3943,270,0.3377823,1.406426,-0.04144103,0.8904541,Lifting,54,0,17/08/2024 19:22:34
0.3057875,0.7803001,0.1823292,1.707547E-05,318.3943,270,0.3376684,1.40782,-0.04198649,0.8911986,Lifting,54,0,17/08/2024 19:22:34
0.3057875,0.7803001,0.1823292,1.707547E-05,318.3943,270,0.3375334,1.409412,-0.04262062,0.8918453,Lifting,54,0,17/08/2024 19:22:34
0.3057875,0.7803001,0.1823292,1.707547E-05,318.3943,270,0.3374565,1.411215,-0.04296968,0.8923641,Lifting,54,0,17/08/2024 19:22:34
0.3057875,0.7803001,0.1823292,1.707547E-05,318.3943,270,0.3373996,1.412295,-0.04348811,0.8929042,Lifting,54,0,17/08/2024 19:22:34
0.3057875,0.7803001,0.1823292,1.707547E-05,318.3943,270,0.3372469,1.414227,-0.04433437,0.8935626,Lifting,54,0,17/08/2024 19:22:34
0.3057875,0.7803001,0.1823292,1.707547E-05,318.3943,270,0.3370952,1.415807,-0.04513829,0.8942062,Lifting,54,0,17/08/2024 19:22:34
0.3057875,0.7803001,0.1823292,1.707547E-05,318.3943,270,0.3368616,1.417097,-0.04604911,0.8949059,Lifting,54,0,17/08/2024 19:22:34
0.3057875,0.7803001,0.1823292,1.707547E-05,318.3943,270,0.3363258,1.419151,-0.04713572,0.8956394,Lifting,54,0,17/08/2024 19:22:34
0.3057875,0.7803001,0.1823292,1.707547E-05,318.3943,270,0.3354792,1.421375,-0.04871266,0.8966901,Lifting,54,0,17/08/2024 19:22:34
0.3057875,0.7803001,0.1823292,1.707547E-05,318.3943,270,0.3349317,1.42249,-0.04951973,0.8973655,Lifting,54,0,17/08/2024 19:22:34
0.3057875,0.7803001,0.1823292,1.707547E-05,318.3943,270,0.3342663,1.423694,-0.05032689,0.8979735,Lifting,54,0,17/08/2024 19:22:34
0.3057875,0.7803001,0.1823292,1.707547E-05,318.3943,270,0.3334586,1.424917,-0.05099639,0.8985007,Lifting,54,0,17/08/2024 19:22:34
0.3057875,0.7803001,0.1823292,1.707547E-05,318.3943,270,0.3329062,1.42568,-0.0514856,0.8990428,Lifting,54,0,17/08/2024 19:22:34
0.3057875,0.7803001,0.1823292,1.707547E-05,318.3943,270,0.3321514,1.426629,-0.05201823,0.8996276,Lifting,54,0,17/08/2024 19:22:34
0.3057875,0.7803001,0.1823292,1.707547E-05,318.3943,270,0.3312159,1.427681,-0.05240612,0.9001642,Lifting,54,0,17/08/2024 19:22:34
0.3057875,0.7803001,0.1823292,1.707547E-05,318.3943,270,0.3305896,1.428296,-0.052633,0.9007033,Lifting,54,0,17/08/2024 19:22:34
0.3057875,0.7803001,0.1823292,1.707547E-05,318.3943,270,0.3297548,1.429074,-0.05287371,0.9012923,Lifting,54,0,17/08/2024 19:22:34
0.3057875,0.7803001,0.1823292,1.707547E-05,318.3943,270,0.3287787,1.430011,-0.05305494,0.9018388,Lifting,54,0,17/08/2024 19:22:34
0.3057875,0.7803001,0.1823292,1.707547E-05,318.3943,270,0.3281721,1.430532,-0.05321886,0.9023631,Lifting,54,0,17/08/2024 19:22:34
0.3057875,0.7803001,0.1823292,1.707547E-05,318.3943,270,0.3271467,1.431369,-0.05341266,0.9029732,Lifting,54,0,17/08/2024 19:22:34
0.3057875,0.7803001,0.1823292,1.707547E-05,318.3943,270,0.3265456,1.431792,-0.05351801,0.9034985,Lifting,54,0,17/08/2024 19:22:34
0.3057875,0.7803001,0.1823292,1.707547E-05,318.3943,270,0.3257537,1.43229,-0.05359593,0.9040802,Lifting,54,0,17/08/2024 19:22:34
0.3057875,0.7803001,0.1823292,1.707547E-05,318.3943,270,0.3248317,1.432844,-0.05359176,0.9046332,Lifting,54,0,17/08/2024 19:22:34
0.3057875,0.7803001,0.1823292,1.707547E-05,318.3943,270,0.3242862,1.433123,-0.05358448,0.9051582,Lifting,54,0,17/08/2024 19:22:34
0.3057875,0.7803001,0.1823292,1.707547E-05,318.3943,270,0.3235854,1.433446,-0.0535684,0.9057516,Lifting,54,0,17/08/2024 19:22:34
0.3057875,0.7803001,0.1823292,1.707547E-05,318.3943,270,0.3228107,1.433761,-0.0535524,0.9062909,Lifting,54,0,17/08/2024 19:22:34
0.3057875,0.7803001,0.1823292,1.707547E-05,318.3943,270,0.322362,1.433897,-0.05352631,0.9068213,Lifting,54,0,17/08/2024 19:22:34
0.3057875,0.7803001,0.1823292,1.707547E-05,318.3943,270,0.3218148,1.434018,-0.0534911,0.9074134,Lifting,54,0,17/08/2024 19:22:34
0.3057875,0.7803001,0.1823292,1.707547E-05,318.3943,270,0.3212305,1.434058,-0.05349278,0.9079466,Lifting,54,0,17/08/2024 19:22:34
0.3057875,0.7803001,0.1823292,1.707547E-05,318.3943,270,0.3209096,1.434074,-0.05348029,0.9084792,Lifting,54,0,17/08/2024 19:22:34
0.3057875,0.7803001,0.1823292,1.707547E-05,318.3943,270,0.3205407,1.434094,-0.05346776,0.9090915,Lifting,54,0,17/08/2024 19:22:34
0.3057875,0.7803001,0.1823292,1.707547E-05,318.3943,270,0.3201916,1.434063,-0.05350511,0.9096186,Lifting,54,0,17/08/2024 19:22:34
0.3057875,0.7803001,0.1823292,1.707547E-05,318.3943,270,0.3200462,1.434052,-0.0535167,0.9101523,Lifting,54,0,17/08/2024 19:22:34
0.3057875,0.7803001,0.1823292,1.707547E-05,318.3943,270,0.3198995,1.434018,-0.0535474,0.9107648,Lifting,54,0,17/08/2024 19:22:34
0.3057875,0.7803001,0.1823292,1.707547E-05,318.3943,270,0.3198918,1.433998,-0.0535714,0.9113454,Lifting,54,0,17/08/2024 19:22:34
0.3057875,0.7803001,0.1823292,1.707547E-05,318.3943,270,0.3198968,1.433976,-0.05360321,0.9119384,Lifting,54,0,17/08/2024 19:22:34
0.3057875,0.7803001,0.1823292,1.707547E-05,318.3943,270,0.319875,1.433948,-0.05360887,0.9124805,Lifting,54,0,17/08/2024 19:22:34
0.3057875,0.7803001,0.1823292,1.707547E-05,318.3943,270,0.3199038,1.433931,-0.05365471,0.9130175,Lifting,54,0,17/08/2024 19:22:34
0.3057875,0.7803001,0.1823292,1.707547E-05,318.3943,270,0.3198878,1.433907,-0.05363981,0.9136294,Lifting,54,0,17/08/2024 19:22:34
0.3057875,0.7803001,0.1823292,1.707547E-05,318.3943,270,0.3199298,1.433892,-0.053707,0.9141815,Lifting,54,0,17/08/2024 19:22:34
0.3057875,0.7803001,0.1823292,1.707547E-05,318.3943,270,0.3199652,1.433849,-0.05371759,0.9148072,Lifting,54,0,17/08/2024 19:22:34
0.3057875,0.7803001,0.1823292,1.707547E-05,318.3943,270,0.3198952,1.433772,-0.05335344,0.9153958,Lifting,54,0,17/08/2024 19:22:34
0.3057875,0.7803001,0.1823292,1.707547E-05,318.3943,270,0.3199403,1.433685,-0.05313991,0.915952,Lifting,54,0,17/08/2024 19:22:34
0.3057875,0.7803001,0.1823292,1.707547E-05,318.3943,270,0.3198844,1.433629,-0.05244549,0.9165426,Lifting,54,0,17/08/2024 19:22:34
0.3057875,0.7803001,0.1823292,1.707547E-05,318.3943,270,0.3199323,1.433588,-0.05216664,0.9170681,Lifting,54,0,17/08/2024 19:22:34
0.3057875,0.7803001,0.1823292,1.707547E-05,318.3943,270,0.3199633,1.433524,-0.05177857,0.9176889,Lifting,54,0,17/08/2024 19:22:34
0.3057875,0.7803001,0.1823292,1.707547E-05,318.3943,270,0.3199372,1.433617,-0.0511772,0.9182307,Lifting,54,0,17/08/2024 19:22:34
0.3057875,0.7803001,0.1823292,1.707547E-05,318.3943,270,0.3200065,1.433642,-0.05102568,0.9188099,Lifting,54,0,17/08/2024 19:22:34
0.3057875,0.7803001,0.1823292,1.707547E-05,318.3943,270,0.3200555,1.433641,-0.05080791,0.9193968,Lifting,54,0,17/08/2024 19:22:34
0.3057875,0.7803001,0.1823292,1.707547E-05,318.3943,270,0.3200775,1.433716,-0.05040612,0.919914,Lifting,54,0,17/08/2024 19:22:34
0.3057875,0.7803001,0.1823292,1.707547E-05,318.3943,270,0.3201686,1.433726,-0.05034157,0.9205001,Lifting,54,0,17/08/2024 19:22:34
0.3057875,0.7803001,0.1823292,1.707547E-05,318.3943,270,0.3201983,1.433752,-0.04997574,0.9210961,Lifting,54,0,17/08/2024 19:22:34
0.3057875,0.7803001,0.1823292,1.707547E-05,318.3943,270,0.3203204,1.433752,-0.04997497,0.9216514,Lifting,54,0,17/08/2024 19:22:34
0.3057875,0.7803001,0.1823292,1.707547E-05,318.3943,270,0.3204177,1.433731,-0.04987425,0.922245,Lifting,54,0,17/08/2024 19:22:34
0.3057875,0.7803001,0.1823292,1.707547E-05,318.3943,270,0.3203917,1.433741,-0.04929319,0.9228019,Lifting,54,0,17/08/2024 19:22:34
0.3057875,0.7803001,0.1823292,1.707547E-05,318.3943,270,0.3205572,1.433751,-0.04930576,0.9233282,Lifting,54,0,17/08/2024 19:22:34
0.3057875,0.7803001,0.1823292,1.707547E-05,318.3943,270,0.3205436,1.433742,-0.04861495,0.9239393,Lifting,54,0,17/08/2024 19:22:34
0.3057875,0.7803001,0.1823292,1.707547E-05,318.3943,270,0.3207118,1.433743,-0.0485282,0.9244814,Lifting,54,0,17/08/2024 19:22:34
0.3057875,0.7803001,0.1823292,1.707547E-05,318.3943,270,0.3208037,1.43364,-0.04803301,0.9250737,Lifting,54,0,17/08/2024 19:22:34
0.3057875,0.7803001,0.1823292,1.707547E-05,318.3943,270,0.3207707,1.433337,-0.04656563,0.925613,Lifting,54,0,17/08/2024 19:22:34
0.3057875,0.7803001,0.1823292,1.707547E-05,318.3943,270,0.3209949,1.43304,-0.04590465,0.9261419,Lifting,54,0,17/08/2024 19:22:34
0.3057875,0.7803001,0.1823292,1.707547E-05,318.3943,270,0.321047,1.432279,-0.04390844,0.9267835,Lifting,54,0,17/08/2024 19:22:34
0.3057875,0.7803001,0.1823292,1.707547E-05,318.3943,270,0.3212891,1.431826,-0.04324047,0.9273253,Lifting,54,0,17/08/2024 19:22:34
0.3057875,0.7803001,0.1823292,1.707547E-05,318.3943,270,0.3214615,1.431111,-0.04237246,0.9279323,Lifting,54,0,17/08/2024 19:22:34
0.3057875,0.7803001,0.1823292,1.707547E-05,318.3943,270,0.3216357,1.429999,-0.04197479,0.9285054,Lifting,54,0,17/08/2024 19:22:34
0.3057875,0.7803001,0.1823292,1.707547E-05,318.3943,270,0.321808,1.429284,-0.04185897,0.9290588,Lifting,54,0,17/08/2024 19:22:34
0.3057875,0.7803001,0.1823292,1.707547E-05,318.3943,270,0.3220326,1.427762,-0.04181144,0.929678,Lifting,54,0,17/08/2024 19:22:34
0.3057875,0.7803001,0.1823292,1.707547E-05,318.3943,270,0.3221899,1.426891,-0.04173095,0.9302198,Lifting,54,0,17/08/2024 19:22:34
0.3057875,0.7803001,0.1823292,1.707547E-05,318.3943,270,0.3224297,1.42579,-0.04160991,0.9308057,Lifting,54,0,17/08/2024 19:22:34
0.3057875,0.7803001,0.1823292,1.707547E-05,318.3943,270,0.322564,1.423999,-0.04170368,0.9313421,Lifting,54,0,17/08/2024 19:22:34
0.3057875,0.7803001,0.1823292,1.707547E-05,318.3943,270,0.3227024,1.423048,-0.04161668,0.9318641,Lifting,54,0,17/08/2024 19:22:35
0.3057875,0.7803001,0.1823292,1.707547E-05,318.3943,270,0.3229723,1.42182,-0.04124077,0.9324718,Lifting,54,0,17/08/2024 19:22:35
0.3057875,0.7803001,0.1823292,1.707547E-05,318.3943,270,0.3231584,1.41997,-0.04076323,0.9330032,Lifting,54,0,17/08/2024 19:22:35
0.3057875,0.7803001,0.1823292,1.707547E-05,318.3943,270,0.3233671,1.418979,-0.04023777,0.9335536,Lifting,54,0,17/08/2024 19:22:35
0.3057875,0.7803001,0.1823292,1.707547E-05,318.3943,270,0.3236994,1.417843,-0.03948846,0.9341428,Lifting,54,0,17/08/2024 19:22:35
0.3057875,0.7803001,0.1823292,1.707547E-05,318.3943,270,0.3239707,1.416368,-0.03879328,0.9346604,Lifting,54,0,17/08/2024 19:22:35
0.3057875,0.7803001,0.1823292,1.707547E-05,318.3943,270,0.3242273,1.415616,-0.03833889,0.9352068,Lifting,54,0,17/08/2024 19:22:35
0.3057875,0.7803001,0.1823292,1.707547E-05,318.3943,270,0.3246426,1.414349,-0.03762526,0.9357958,Lifting,54,0,17/08/2024 19:22:35
0.3057875,0.7803001,0.1823292,1.707547E-05,318.3943,270,0.324966,1.413608,-0.0370677,0.9363706,Lifting,54,0,17/08/2024 19:22:35
0.3057875,0.7803001,0.1823292,1.707547E-05,318.3943,270,0.3253992,1.412723,-0.03637537,0.9369619,Lifting,54,0,17/08/2024 19:22:35
0.3057875,0.7803001,0.1823292,1.707547E-05,318.3943,270,0.3258506,1.411559,-0.03580575,0.9374768,Lifting,54,0,17/08/2024 19:22:35
0.3057875,0.7803001,0.1823292,1.707547E-05,318.3943,270,0.3261889,1.41089,-0.03544009,0.938027,Lifting,54,0,17/08/2024 19:22:35
0.3057875,0.7803001,0.1823292,1.707547E-05,318.3943,270,0.3266573,1.410074,-0.0350736,0.9386269,Lifting,54,0,17/08/2024 19:22:35
0.3057875,0.7803001,0.1823292,1.707547E-05,318.3943,270,0.3271477,1.408851,-0.03486827,0.9391679,Lifting,54,0,17/08/2024 19:22:35
0.3057875,0.7803001,0.1823292,1.707547E-05,318.3943,270,0.3274666,1.408177,-0.03470878,0.9397136,Lifting,54,0,17/08/2024 19:22:35
0.3057875,0.7803001,0.1823292,1.707547E-05,318.3943,270,0.3279085,1.407322,-0.0344974,0.9403285,Lifting,54,0,17/08/2024 19:22:35
0.3057875,0.7803001,0.1823292,1.707547E-05,318.3943,270,0.3283047,1.406014,-0.03444872,0.9408467,Lifting,54,0,17/08/2024 19:22:35
0.3057875,0.7803001,0.1823292,1.707547E-05,318.3943,270,0.3285602,1.405315,-0.03437713,0.9413825,Lifting,54,0,17/08/2024 19:22:35
0.3057875,0.7803001,0.1823292,1.707547E-05,318.3943,270,0.3289308,1.403981,-0.03440655,0.9419833,Lifting,54,0,17/08/2024 19:22:35
0.3057875,0.7803001,0.1823292,1.707547E-05,318.3943,270,0.329199,1.402895,-0.03483681,0.9425455,Lifting,54,0,17/08/2024 19:22:35
0.3057875,0.7803001,0.1823292,1.707547E-05,318.3943,270,0.3297268,1.402104,-0.0357296,0.9434826,Lifting,54,0,17/08/2024 19:22:35
0.3057875,0.7803001,0.1823292,1.707547E-05,318.3943,270,0.3301499,1.400518,-0.03723437,0.944127,Lifting,54,0,17/08/2024 19:22:35
0.3057875,0.7803001,0.1823292,1.707547E-05,318.3943,270,0.3303984,1.399768,-0.03805844,0.9446912,Lifting,54,0,17/08/2024 19:22:35
0.3057875,0.7803001,0.1823292,1.707547E-05,318.3943,270,0.330719,1.398871,-0.03890537,0.9452797,Lifting,54,0,17/08/2024 19:22:35
0.3057875,0.7803001,0.1823292,1.707547E-05,318.3943,270,0.3309309,1.397244,-0.04002956,0.9458031,Lifting,54,0,17/08/2024 19:22:35
0.3057875,0.7803001,0.1823292,1.707547E-05,318.3943,270,0.3311388,1.396484,-0.04063208,0.9463328,Lifting,54,0,17/08/2024 19:22:35
0.3057875,0.7803001,0.1823292,1.707547E-05,318.3943,270,0.3314248,1.394958,-0.04172545,0.9469364,Lifting,54,0,17/08/2024 19:22:35
0.3057875,0.7803001,0.1823292,1.707547E-05,318.3943,270,0.3316729,1.394176,-0.04231532,0.947526,Lifting,54,0,17/08/2024 19:22:35
0.3057875,0.7803001,0.1823292,1.707547E-05,318.3943,270,0.3320453,1.392476,-0.04339216,0.9482549,Lifting,54,0,17/08/2024 19:22:35
0.3057875,0.7803001,0.1823292,1.707547E-05,318.3943,270,0.3321941,1.390628,-0.04435237,0.9488881,Lifting,54,0,17/08/2024 19:22:35
0.3057875,0.7803001,0.1823292,1.707547E-05,318.3943,270,0.3327483,1.389587,-0.04483685,0.9500224,Lifting,54,0,17/08/2024 19:22:35
0.3057875,0.7803001,0.1823292,1.707547E-05,318.3943,270,0.3331685,1.387666,-0.04564358,0.9507177,Lifting,54,0,17/08/2024 19:22:35
0.3057875,0.7803001,0.1823292,1.707547E-05,318.3943,270,0.3333493,1.38681,-0.04599569,0.9512421,Lifting,54,0,17/08/2024 19:22:35
0.3057875,0.7803001,0.1823292,1.707547E-05,318.3943,270,0.333634,1.385816,-0.04637007,0.9518486,Lifting,54,0,17/08/2024 19:22:35
0.3057875,0.7803001,0.1823292,1.707547E-05,318.3943,270,0.3338604,1.384133,-0.04703474,0.952388,Lifting,54,0,17/08/2024 19:22:35
0.3057875,0.7803001,0.1823292,1.707547E-05,318.3943,270,0.3340394,1.383332,-0.04733936,0.9529061,Lifting,54,0,17/08/2024 19:22:35
0.3057875,0.7803001,0.1823292,1.707547E-05,318.3943,270,0.3343061,1.381783,-0.04794337,0.9534962,Lifting,54,0,17/08/2024 19:22:35
0.3057875,0.7803001,0.1823292,1.707547E-05,318.3943,270,0.3345244,1.380983,-0.04825011,0.9540664,Lifting,54,0,17/08/2024 19:22:35
0.3057875,0.7803001,0.1823292,1.707547E-05,318.3943,270,0.3348295,1.380025,-0.04862341,0.9546855,Lifting,54,0,17/08/2024 19:22:35
0.3057875,0.7803001,0.1823292,1.707547E-05,318.3943,270,0.3350654,1.378403,-0.04932484,0.9552143,Lifting,54,0,17/08/2024 19:22:35
0.3057875,0.7803001,0.1823292,1.707547E-05,318.3943,270,0.3352867,1.377584,-0.04970973,0.9558004,Lifting,54,0,17/08/2024 19:22:35
0.3057875,0.7803001,0.1823292,1.707547E-05,318.3943,270,0.3355661,1.37601,-0.05048602,0.9564005,Lifting,54,0,17/08/2024 19:22:35
0.3057875,0.7803001,0.1823292,1.707547E-05,318.3943,270,0.3357644,1.375251,-0.05091321,0.9569286,Lifting,54,0,17/08/2024 19:22:35
0.3057875,0.7803001,0.1823292,1.707547E-05,318.3943,270,0.3360778,1.374328,-0.05145623,0.9575623,Lifting,54,0,17/08/2024 19:22:35
0.3057875,0.7803001,0.1823292,1.707547E-05,318.3943,270,0.3363093,1.372696,-0.05234696,0.9580991,Lifting,54,0,17/08/2024 19:22:35
0.3057875,0.7803001,0.1823292,1.707547E-05,318.3943,270,0.3365181,1.371905,-0.05282557,0.9586577,Lifting,54,0,17/08/2024 19:22:35
0.3057875,0.7803001,0.1823292,1.707547E-05,318.3943,270,0.3367891,1.370336,-0.05368039,0.9592633,Lifting,54,0,17/08/2024 19:22:35
0.3057875,0.7803001,0.1823292,1.707547E-05,318.3943,270,0.336985,1.369575,-0.05410349,0.959793,Lifting,54,0,17/08/2024 19:22:35
0.3057875,0.7803001,0.1823292,1.707547E-05,318.3943,270,0.3372799,1.368668,-0.05459935,0.9604005,Lifting,54,0,17/08/2024 19:22:35
0.3057875,0.7803001,0.1823292,1.707547E-05,318.3943,270,0.3375156,1.36706,-0.0554435,0.9609489,Lifting,54,0,17/08/2024 19:22:35
0.3057875,0.7803001,0.1823292,1.707547E-05,318.3943,270,0.3377185,1.3663,-0.05591673,0.961492,Lifting,54,0,17/08/2024 19:22:35
0.3057875,0.7803001,0.1823292,1.707547E-05,318.3943,270,0.3380107,1.365429,-0.05651835,0.9620819,Lifting,54,0,17/08/2024 19:22:35
0.3057875,0.7803001,0.1823292,1.707547E-05,318.3943,270,0.3382361,1.363879,-0.0575652,0.9626169,Lifting,54,0,17/08/2024 19:22:35
0.3057875,0.7803001,0.1823292,1.707547E-05,318.3943,270,0.3384488,1.363187,-0.05824539,0.9631407,Lifting,54,0,17/08/2024 19:22:35
0.3057875,0.7803001,0.1823292,1.707547E-05,318.3943,270,0.3387657,1.362394,-0.05915448,0.9637364,Lifting,54,0,17/08/2024 19:22:35
0.3057875,0.7803001,0.1823292,1.707547E-05,318.3943,270,0.3389816,1.360875,-0.06049094,0.9642552,Lifting,54,0,17/08/2024 19:22:35
0.3057875,0.7803001,0.1823292,1.707547E-05,318.3943,270,0.3392049,1.360173,-0.06125225,0.9647951,Lifting,54,0,17/08/2024 19:22:35
0.3057875,0.7803001,0.1823292,1.707547E-05,318.3943,270,0.339512,1.359341,-0.06209296,0.9653968,Lifting,54,0,17/08/2024 19:22:35
0.3057875,0.7803001,0.1823292,1.707547E-05,318.3943,270,0.3397308,1.357738,-0.06315843,0.9659395,Lifting,54,0,17/08/2024 19:22:35
0.3057875,0.7803001,0.1823292,1.707547E-05,318.3943,270,0.3399222,1.356967,-0.06358396,0.9664786,Lifting,54,0,17/08/2024 19:22:35
0.3057875,0.7803001,0.1823292,1.707547E-05,318.3943,270,0.3401874,1.356076,-0.06395953,0.967063,Lifting,54,0,17/08/2024 19:22:35
0.3057875,0.7803001,0.1823292,1.707547E-05,318.3943,270,0.3404031,1.354574,-0.06453392,0.967576,Lifting,54,0,17/08/2024 19:22:35
0.3057875,0.7803001,0.1823292,1.707547E-05,318.3943,270,0.3405887,1.353843,-0.06477607,0.9681291,Lifting,54,0,17/08/2024 19:22:35
0.3057875,0.7803001,0.1823292,1.707547E-05,318.3943,270,0.3408532,1.353009,-0.06506264,0.9687253,Lifting,54,0,17/08/2024 19:22:35
0.3057875,0.7803001,0.1823292,1.707547E-05,318.3943,270,0.3410656,1.351639,-0.06569634,0.9692402,Lifting,54,0,17/08/2024 19:22:35
0.3057875,0.7803001,0.1823292,1.707547E-05,318.3943,270,0.3412795,1.350446,-0.06635725,0.9698922,Lifting,54,0,17/08/2024 19:22:35
0.3057875,0.7803001,0.1823292,1.707547E-05,318.3943,270,0.3414792,1.349807,-0.06676899,0.9705176,Lifting,54,0,17/08/2024 19:22:35
0.3057875,0.7803001,0.1823292,1.707547E-05,318.3943,270,0.3417054,1.349068,-0.06727783,0.9711251,Lifting,54,0,17/08/2024 19:22:35
0.3057875,0.7803001,0.1823292,1.707547E-05,318.3943,270,0.341847,1.347736,-0.06814494,0.9716721,Lifting,54,0,17/08/2024 19:22:35
0.3057875,0.7803001,0.1823292,1.707547E-05,318.3943,270,0.3419675,1.34713,-0.06865885,0.9722239,Lifting,54,0,17/08/2024 19:22:35
0.3057875,0.7803001,0.1823292,1.707547E-05,318.3943,270,0.3421265,1.346457,-0.06935082,0.9728276,Lifting,54,0,17/08/2024 19:22:35
0.3057875,0.7803001,0.1823292,1.707547E-05,318.3943,270,0.3421962,1.345225,-0.07059938,0.9733438,Lifting,54,0,17/08/2024 19:22:35
0.3057875,0.7803001,0.1823292,1.707547E-05,318.3943,270,0.3423027,1.344706,-0.07147983,0.9738845,Lifting,54,0,17/08/2024 19:22:35
0.3057875,0.7803001,0.1823292,1.707547E-05,318.3943,270,0.3423862,1.34355,-0.07302628,0.9744735,Lifting,54,0,17/08/2024 19:22:35
0.3057875,0.7803001,0.1823292,1.707547E-05,318.3943,270,0.3424795,1.342974,-0.07383581,0.9750515,Lifting,54,0,17/08/2024 19:22:35
0.3057875,0.7803001,0.1823292,1.707547E-05,318.3943,270,0.3425792,1.342248,-0.0745219,0.9756487,Lifting,54,0,17/08/2024 19:22:35
0.3057875,0.7803001,0.1823292,1.707547E-05,318.3943,270,0.3425965,1.340784,-0.07503621,0.9762037,Lifting,54,0,17/08/2024 19:22:35
0.3057875,0.7803001,0.1823292,1.707547E-05,318.3943,270,0.3426288,1.340074,-0.0750661,0.9767404,Lifting,54,0,17/08/2024 19:22:35
0.3057875,0.7803001,0.1823292,1.707547E-05,318.3943,270,0.3426997,1.339287,-0.07503963,0.977331,Lifting,54,0,17/08/2024 19:22:35
0.3057875,0.7803001,0.1823292,1.707547E-05,318.3943,270,0.3427495,1.338035,-0.07517898,0.977859,Lifting,54,0,17/08/2024 19:22:35
0.3057875,0.7803001,0.1823292,1.707547E-05,318.3943,270,0.3427879,1.337415,-0.07516511,0.9784083,Lifting,54,0,17/08/2024 19:22:35
0.3057875,0.7803001,0.1823292,1.707547E-05,318.3943,270,0.3428493,1.336254,-0.07522511,0.9790214,Lifting,54,0,17/08/2024 19:22:35
0.3057875,0.7803001,0.1823292,1.707547E-05,318.3943,270,0.3428844,1.335681,-0.07520798,0.9795546,Lifting,54,0,17/08/2024 19:22:35
0.3057875,0.7803001,0.1823292,1.707547E-05,318.3943,270,0.342954,1.335041,-0.07528832,0.9801428,Lifting,54,0,17/08/2024 19:22:35
0.3057875,0.7803001,0.1823292,1.707547E-05,318.3943,270,0.3429956,1.333987,-0.075753,0.9806728,Lifting,54,0,17/08/2024 19:22:35
0.3057875,0.7803001,0.1823292,1.707547E-05,318.3943,270,0.3430353,1.333505,-0.07608596,0.9811924,Lifting,54,0,17/08/2024 19:22:35
0.3057875,0.7803001,0.1823292,1.707547E-05,318.3943,270,0.3462678,1.330131,-0.07285417,0.9817934,Lifting,54,0,17/08/2024 19:22:35
0.3057875,0.7803001,0.1823292,1.707547E-05,318.3943,270,0.3567741,1.320579,-0.0619099,0.9823388,Lifting,54,0,17/08/2024 19:22:35
0.3057875,0.7803001,0.1823292,1.707547E-05,318.3943,270,0.3620359,1.315585,-0.05615145,0.9828837,Lifting,54,0,17/08/2024 19:22:35
0.3057875,0.7803001,0.1823292,1.707547E-05,318.3943,270,0.3673446,1.310753,-0.05000634,0.9834927,Lifting,54,0,17/08/2024 19:22:35
0.3057875,0.7803001,0.1823292,1.707547E-05,318.3943,270,0.3776884,1.300833,-0.03818756,0.9840239,Lifting,54,0,17/08/2024 19:22:35
0.3057875,0.7803001,0.1823292,1.707547E-05,318.3943,270,0.3828079,1.295793,-0.03233952,0.9845615,Lifting,54,0,17/08/2024 19:22:35
0.3057875,0.7803001,0.1823292,1.707547E-05,318.3943,270,0.3929351,1.28557,-0.02057483,0.9851701,Lifting,54,0,17/08/2024 19:22:35
0.3057875,0.7803001,0.1823292,1.707547E-05,318.3943,270,0.3979823,1.280419,-0.01467511,0.9857342,Lifting,54,0,17/08/2024 19:22:35
0.3057875,0.7803001,0.1823292,1.707547E-05,318.3943,270,0.4030297,1.275277,-0.008511591,0.986367,Lifting,54,0,17/08/2024 19:22:35
0.3057875,0.7803001,0.1823292,1.707547E-05,318.3943,270,0.4130372,1.264614,0.003598834,0.98689,Lifting,54,0,17/08/2024 19:22:35
0.3057875,0.7803001,0.1823292,1.707547E-05,318.3943,270,0.4180357,1.259292,0.009691251,0.9874772,Lifting,54,0,17/08/2024 19:22:35
0.3057875,0.7803001,0.1823292,1.707547E-05,318.3943,270,0.4279632,1.248339,0.02189402,0.9880941,Lifting,54,0,17/08/2024 19:22:35
0.3057875,0.7803001,0.1823292,1.707547E-05,318.3943,270,0.4329196,1.242837,0.02798304,0.9886239,Lifting,54,0,17/08/2024 19:22:35
0.3057875,0.7803001,0.1823292,1.707547E-05,318.3943,270,0.4427898,1.231537,0.0402093,0.9892511,Lifting,54,0,17/08/2024 19:22:35
0.3057875,0.7803001,0.1823292,1.707547E-05,318.3943,270,0.4477208,1.225858,0.04634017,0.9897926,Lifting,54,0,17/08/2024 19:22:35
0.3057875,0.7803001,0.1823292,1.707547E-05,318.3943,270,0.4526152,1.220128,0.05267138,0.9904261,Lifting,54,0,17/08/2024 19:22:35
0.3057875,0.7803001,0.1823292,1.707547E-05,318.3943,270,0.4624407,1.208217,0.0651355,0.9909986,Lifting,54,0,17/08/2024 19:22:35
0.3057875,0.7803001,0.1823292,1.707547E-05,318.3943,270,0.4673565,1.202256,0.07138769,0.9915407,Lifting,54,0,17/08/2024 19:22:35
0.3057875,0.7803001,0.1823292,1.707547E-05,318.3943,270,0.4772263,1.189991,0.08382225,0.9921678,Lifting,54,0,17/08/2024 19:22:35
0.3057875,0.7803001,0.1823292,1.707547E-05,318.3943,270,0.4821653,1.183843,0.0900649,0.9927157,Lifting,54,0,17/08/2024 19:22:35
0.3057875,0.7803001,0.1823292,1.707547E-05,318.3943,270,0.487076,1.177632,0.09643666,0.9933432,Lifting,54,0,17/08/2024 19:22:35
0.3057875,0.7803001,0.1823292,1.707547E-05,318.3943,270,0.4970788,1.164737,0.1087839,0.9938668,Lifting,54,0,17/08/2024 19:22:35
0.3057875,0.7803001,0.1823292,1.707547E-05,318.3943,270,0.5020773,1.158304,0.1150024,0.9944109,Lifting,54,0,17/08/2024 19:22:35
0.3057875,0.7803001,0.1823292,1.707547E-05,318.3943,270,0.5122096,1.145093,0.1272352,0.9950197,Lifting,54,0,17/08/2024 19:22:35
0.3057875,0.7803001,0.1823292,1.707547E-05,318.3943,270,0.5224708,1.131714,0.1392967,0.9956409,Lifting,54,0,17/08/2024 19:22:35
0.3057875,0.7803001,0.1823292,1.707547E-05,318.3943,270,0.527519,1.125065,0.1455605,0.9963974,Lifting,54,0,17/08/2024 19:22:35
0.3057875,0.7803001,0.1823292,1.707547E-05,318.3943,270,0.5379138,1.111261,0.1576723,0.997076,Lifting,54,0,17/08/2024 19:22:35
0.3057875,0.7803001,0.1823292,1.707547E-05,318.3943,270,0.5483815,1.097285,0.1698079,0.9979475,Lifting,54,0,17/08/2024 19:22:35
0.3057875,0.7803001,0.1823292,1.707547E-05,318.3943,270,0.5536199,1.090246,0.1759058,0.9985952,Lifting,54,0,17/08/2024 19:22:35
0.3057875,0.7803001,0.1823292,1.707547E-05,318.3943,270,0.5644218,1.075883,0.1877141,0.9991946,Lifting,54,0,17/08/2024 19:22:35
0.3057875,0.7803001,0.1823292,1.707547E-05,318.3943,270,0.5698078,1.068695,0.1936725,0.9997593,Lifting,54,0,17/08/2024 19:22:35
0.3057875,0.7803001,0.1823292,1.707547E-05,318.3943,270,0.5808529,1.054147,0.2053493,1.000368,Lifting,54,0,17/08/2024 19:22:35
